year;State;Homicide_count
1985;Alabama;389
1985;Alaska;50
1985;Arizona;251
1985;Arkansas;184
1985;California;2770
1985;Colorado;189
1985;Connecticut;120
1985;Delaware;30
1985;District of Columbia;147
1985;Florida;1293
1985;Georgia;580
1985;Hawaii;43
1985;Idaho;22
1985;Illinois;925
1985;Indiana;278
1985;Iowa;55
1985;Kansas;121
1985;Kentucky;252
1985;Louisiana;431
1985;Maine;28
1985;Maryland;350
1985;Massachusetts;188
1985;Michigan;1018
1985;Minnesota;88
1985;Mississippi;178
1985;Missouri;380
1985;Montana;25
1985;Nebraska;46
1985;Nevada;94
1985;New Hampshire;19
1985;New Jersey;407
1985;New Mexico;129
1985;New York;1676
1985;North Carolina;503
1985;North Dakota;7
1985;Ohio;527
1985;Oklahoma;254
1985;Oregon;125
1985;Pennsylvania;552
1985;Rhode Island;35
1985;South Carolina;304
1985;South Dakota;9
1985;Tennessee;387
1985;Texas;2124
1985;Utah;50
1985;Vermont;16
1985;Virginia;405
1985;Washington;226
1985;West Virginia;71
1985;Wisconsin;135
1985;Wyoming;22
1986;Alabama;397
1986;Alaska;45
1986;Arizona;304
1986;Arkansas;190
1986;California;3037
1986;Colorado;230
1986;Connecticut;148
1986;Delaware;31
1986;District of Columbia;194
1986;Florida;1371
1986;Georgia;655
1986;Hawaii;51
1986;Idaho;31
1986;Illinois;1017
1986;Indiana;275
1986;Iowa;51
1986;Kansas;107
1986;Kentucky;247
1986;Louisiana;522
1986;Maine;23
1986;Maryland;401
1986;Massachusetts;186
1986;Michigan;1027
1986;Minnesota;105
1986;Mississippi;174
1986;Missouri;437
1986;Montana;21
1986;Nebraska;50
1986;Nevada;109
1986;New Hampshire;23
1986;New Jersey;399
1986;New Mexico;138
1986;New York;1899
1986;North Carolina;502
1986;North Dakota;7
1986;Ohio;563
1986;Oklahoma;269
1986;Oregon;177
1986;Pennsylvania;654
1986;Rhode Island;34
1986;South Carolina;290
1986;South Dakota;18
1986;Tennessee;453
1986;Texas;2257
1986;Utah;53
1986;Vermont;11
1986;Virginia;411
1986;Washington;218
1986;West Virginia;113
1986;Wisconsin;149
1986;Wyoming;27
1987;Alabama;377
1987;Alaska;51
1987;Arizona;249
1987;Arkansas;181
1987;California;2924
1987;Colorado;191
1987;Connecticut;156
1987;Delaware;32
1987;District of Columbia;225
1987;Florida;1369
1987;Georgia;707
1987;Hawaii;52
1987;Idaho;31
1987;Illinois;965
1987;Indiana;247
1987;Iowa;59
1987;Kansas;107
1987;Kentucky;193
1987;Louisiana;452
1987;Maine;30
1987;Maryland;361
1987;Massachusetts;179
1987;Michigan;1119
1987;Minnesota;108
1987;Mississippi;176
1987;Missouri;394
1987;Montana;18
1987;Nebraska;52
1987;Nevada;77
1987;New Hampshire;32
1987;New Jersey;351
1987;New Mexico;123
1987;New York;2010
1987;North Carolina;504
1987;North Dakota;10
1987;Ohio;597
1987;Oklahoma;244
1987;Oregon;151
1987;Pennsylvania;634
1987;Rhode Island;41
1987;South Carolina;316
1987;South Dakota;11
1987;Tennessee;402
1987;Texas;1958
1987;Utah;55
1987;Vermont;15
1987;Virginia;437
1987;Washington;250
1987;West Virginia;92
1987;Wisconsin;167
1987;Wyoming;10
1988;Alabama;383
1988;Alaska;29
1988;Arizona;290
1988;Arkansas;206
1988;California;2937
1988;Colorado;187
1988;Connecticut;175
1988;Delaware;34
1988;District of Columbia;369
1988;Florida;0
1988;Georgia;716
1988;Hawaii;44
1988;Idaho;35
1988;Illinois;978
1988;Indiana;306
1988;Iowa;47
1988;Kansas;83
1988;Kentucky;0
1988;Louisiana;445
1988;Maine;37
1988;Maryland;449
1988;Massachusetts;188
1988;Michigan;1003
1988;Minnesota;124
1988;Mississippi;148
1988;Missouri;388
1988;Montana;18
1988;Nebraska;55
1988;Nevada;96
1988;New Hampshire;26
1988;New Jersey;411
1988;New Mexico;129
1988;New York;2234
1988;North Carolina;494
1988;North Dakota;12
1988;Ohio;536
1988;Oklahoma;243
1988;Oregon;139
1988;Pennsylvania;637
1988;Rhode Island;41
1988;South Carolina;324
1988;South Dakota;12
1988;Tennessee;422
1988;Texas;2021
1988;Utah;47
1988;Vermont;11
1988;Virginia;468
1988;Washington;256
1988;West Virginia;93
1988;Wisconsin;143
1988;Wyoming;12
1989;Alabama;405
1989;Alaska;41
1989;Arizona;268
1989;Arkansas;203
1989;California;3143
1989;Colorado;146
1989;Connecticut;190
1989;Delaware;34
1989;District of Columbia;434
1989;Florida;1404
1989;Georgia;796
1989;Hawaii;10
1989;Idaho;26
1989;Illinois;1051
1989;Indiana;264
1989;Iowa;54
1989;Kansas;138
1989;Kentucky;235
1989;Louisiana;569
1989;Maine;39
1989;Maryland;544
1989;Massachusetts;181
1989;Michigan;982
1989;Minnesota;111
1989;Mississippi;167
1989;Missouri;392
1989;Montana;17
1989;Nebraska;39
1989;Nevada;88
1989;New Hampshire;36
1989;New Jersey;394
1989;New Mexico;100
1989;New York;2246
1989;North Carolina;566
1989;North Dakota;4
1989;Ohio;617
1989;Oklahoma;210
1989;Oregon;134
1989;Pennsylvania;745
1989;Rhode Island;49
1989;South Carolina;319
1989;South Dakota;7
1989;Tennessee;370
1989;Texas;2028
1989;Utah;44
1989;Vermont;10
1989;Virginia;480
1989;Washington;207
1989;West Virginia;121
1989;Wisconsin;176
1989;Wyoming;21
1990;Alabama;453
1990;Alaska;38
1990;Arizona;278
1990;Arkansas;240
1990;California;3524
1990;Colorado;138
1990;Connecticut;166
1990;Delaware;33
1990;District of Columbia;472
1990;Florida;1360
1990;Georgia;757
1990;Hawaii;44
1990;Idaho;27
1990;Illinois;1182
1990;Indiana;261
1990;Iowa;55
1990;Kansas;98
1990;Kentucky;264
1990;Louisiana;649
1990;Maine;30
1990;Maryland;552
1990;Massachusetts;211
1990;Michigan;961
1990;Minnesota;77
1990;Mississippi;180
1990;Missouri;428
1990;Montana;35
1990;Nebraska;44
1990;Nevada;108
1990;New Hampshire;21
1990;New Jersey;432
1990;New Mexico;92
1990;New York;2600
1990;North Carolina;686
1990;North Dakota;5
1990;Ohio;624
1990;Oklahoma;253
1990;Oregon;108
1990;Pennsylvania;803
1990;Rhode Island;48
1990;South Carolina;387
1990;South Dakota;12
1990;Tennessee;453
1990;Texas;2388
1990;Utah;51
1990;Vermont;12
1990;Virginia;545
1990;Washington;235
1990;West Virginia;102
1990;Wisconsin;226
1990;Wyoming;22
1991;Alabama;439
1991;Alaska;43
1991;Arizona;287
1991;Arkansas;264
1991;California;3816
1991;Colorado;200
1991;Connecticut;186
1991;Delaware;37
1991;District of Columbia;482
1991;Florida;1282
1991;Georgia;814
1991;Hawaii;45
1991;Idaho;18
1991;Illinois;1297
1991;Indiana;324
1991;Iowa;0
1991;Kansas;151
1991;Kentucky;252
1991;Louisiana;667
1991;Maine;16
1991;Maryland;568
1991;Massachusetts;212
1991;Michigan;1004
1991;Minnesota;131
1991;Mississippi;217
1991;Missouri;501
1991;Montana;13
1991;Nebraska;52
1991;Nevada;137
1991;New Hampshire;35
1991;New Jersey;407
1991;New Mexico;108
1991;New York;2563
1991;North Carolina;743
1991;North Dakota;3
1991;Ohio;739
1991;Oklahoma;230
1991;Oregon;132
1991;Pennsylvania;748
1991;Rhode Island;36
1991;South Carolina;402
1991;South Dakota;11
1991;Tennessee;473
1991;Texas;2651
1991;Utah;51
1991;Vermont;12
1991;Virginia;583
1991;Washington;208
1991;West Virginia;111
1991;Wisconsin;238
1991;Wyoming;15
1992;Alabama;415
1992;Alaska;43
1992;Arizona;305
1992;Arkansas;258
1992;California;3920
1992;Colorado;215
1992;Connecticut;167
1992;Delaware;20
1992;District of Columbia;443
1992;Florida;1191
1992;Georgia;716
1992;Hawaii;42
1992;Idaho;39
1992;Illinois;1299
1992;Indiana;368
1992;Iowa;30
1992;Kansas;149
1992;Kentucky;216
1992;Louisiana;659
1992;Maine;21
1992;Maryland;596
1992;Massachusetts;178
1992;Michigan;937
1992;Minnesota;150
1992;Mississippi;202
1992;Missouri;524
1992;Montana;18
1992;Nebraska;45
1992;Nevada;133
1992;New Hampshire;17
1992;New Jersey;397
1992;New Mexico;93
1992;New York;2394
1992;North Carolina;710
1992;North Dakota;12
1992;Ohio;668
1992;Oklahoma;209
1992;Oregon;135
1992;Pennsylvania;738
1992;Rhode Island;36
1992;South Carolina;374
1992;South Dakota;3
1992;Tennessee;457
1992;Texas;2239
1992;Utah;54
1992;Vermont;10
1992;Virginia;564
1992;Washington;257
1992;West Virginia;115
1992;Wisconsin;218
1992;Wyoming;17
1993;Alabama;470
1993;Alaska;52
1993;Arizona;331
1993;Arkansas;247
1993;California;4095
1993;Colorado;205
1993;Connecticut;206
1993;Delaware;20
1993;District of Columbia;454
1993;Florida;1184
1993;Georgia;750
1993;Hawaii;45
1993;Idaho;31
1993;Illinois;985
1993;Indiana;359
1993;Iowa;45
1993;Kansas;78
1993;Kentucky;240
1993;Louisiana;822
1993;Maine;20
1993;Maryland;632
1993;Massachusetts;209
1993;Michigan;923
1993;Minnesota;157
1993;Mississippi;233
1993;Missouri;552
1993;Montana;15
1993;Nebraska;60
1993;Nevada;130
1993;New Hampshire;22
1993;New Jersey;418
1993;New Mexico;94
1993;New York;2413
1993;North Carolina;772
1993;North Dakota;11
1993;Ohio;611
1993;Oklahoma;273
1993;Oregon;140
1993;Pennsylvania;806
1993;Rhode Island;39
1993;South Carolina;387
1993;South Dakota;19
1993;Tennessee;456
1993;Texas;2149
1993;Utah;58
1993;Vermont;13
1993;Virginia;539
1993;Washington;267
1993;West Virginia;126
1993;Wisconsin;222
1993;Wyoming;17
1994;Alabama;493
1994;Alaska;37
1994;Arizona;419
1994;Arkansas;294
1994;California;3688
1994;Colorado;190
1994;Connecticut;216
1994;Delaware;13
1994;District of Columbia;399
1994;Florida;1151
1994;Georgia;672
1994;Hawaii;50
1994;Idaho;40
1994;Illinois;1074
1994;Indiana;377
1994;Iowa;44
1994;Kansas;42
1994;Kentucky;239
1994;Louisiana;831
1994;Maine;27
1994;Maryland;579
1994;Massachusetts;202
1994;Michigan;893
1994;Minnesota;153
1994;Mississippi;237
1994;Missouri;531
1994;Montana;0
1994;Nebraska;50
1994;Nevada;169
1994;New Hampshire;15
1994;New Jersey;396
1994;New Mexico;120
1994;New York;1988
1994;North Carolina;755
1994;North Dakota;1
1994;Ohio;613
1994;Oklahoma;226
1994;Oregon;150
1994;Pennsylvania;698
1994;Rhode Island;41
1994;South Carolina;357
1994;South Dakota;9
1994;Tennessee;421
1994;Texas;2022
1994;Utah;56
1994;Vermont;5
1994;Virginia;566
1994;Washington;294
1994;West Virginia;99
1994;Wisconsin;227
1994;Wyoming;16
1995;Alabama;466
1995;Alaska;53
1995;Arizona;429
1995;Arkansas;259
1995;California;3390
1995;Colorado;212
1995;Connecticut;150
1995;Delaware;9
1995;District of Columbia;361
1995;Florida;1027
1995;Georgia;657
1995;Hawaii;56
1995;Idaho;48
1995;Illinois;880
1995;Indiana;405
1995;Iowa;54
1995;Kansas;50
1995;Kentucky;267
1995;Louisiana;728
1995;Maine;22
1995;Maryland;596
1995;Massachusetts;206
1995;Michigan;785
1995;Minnesota;181
1995;Mississippi;207
1995;Missouri;436
1995;Montana;10
1995;Nebraska;48
1995;Nevada;162
1995;New Hampshire;18
1995;New Jersey;409
1995;New Mexico;109
1995;New York;1535
1995;North Carolina;667
1995;North Dakota;6
1995;Ohio;543
1995;Oklahoma;398
1995;Oregon;125
1995;Pennsylvania;727
1995;Rhode Island;33
1995;South Carolina;292
1995;South Dakota;12
1995;Tennessee;474
1995;Texas;1692
1995;Utah;73
1995;Vermont;12
1995;Virginia;505
1995;Washington;264
1995;West Virginia;89
1995;Wisconsin;218
1995;Wyoming;10
1996;Alabama;438
1996;Alaska;43
1996;Arizona;368
1996;Arkansas;218
1996;California;2917
1996;Colorado;176
1996;Connecticut;158
1996;Delaware;29
1996;District of Columbia;397
1996;Florida;581
1996;Georgia;606
1996;Hawaii;40
1996;Idaho;43
1996;Illinois;866
1996;Indiana;369
1996;Iowa;58
1996;Kansas;41
1996;Kentucky;97
1996;Louisiana;726
1996;Maine;25
1996;Maryland;591
1996;Massachusetts;157
1996;Michigan;690
1996;Minnesota;171
1996;Mississippi;199
1996;Missouri;391
1996;Montana;0
1996;Nebraska;47
1996;Nevada;219
1996;New Hampshire;18
1996;New Jersey;339
1996;New Mexico;139
1996;New York;1330
1996;North Carolina;612
1996;North Dakota;11
1996;Ohio;484
1996;Oklahoma;223
1996;Oregon;125
1996;Pennsylvania;678
1996;Rhode Island;25
1996;South Carolina;335
1996;South Dakota;6
1996;Tennessee;408
1996;Texas;1477
1996;Utah;62
1996;Vermont;10
1996;Virginia;499
1996;Washington;245
1996;West Virginia;69
1996;Wisconsin;204
1996;Wyoming;18
1997;Alabama;413
1997;Alaska;48
1997;Arizona;361
1997;Arkansas;247
1997;California;2579
1997;Colorado;181
1997;Connecticut;124
1997;Delaware;16
1997;District of Columbia;301
1997;Florida;996
1997;Georgia;525
1997;Hawaii;47
1997;Idaho;38
1997;Illinois;812
1997;Indiana;399
1997;Iowa;41
1997;Kansas;40
1997;Kentucky;113
1997;Louisiana;643
1997;Maine;22
1997;Maryland;501
1997;Massachusetts;122
1997;Michigan;735
1997;Minnesota;129
1997;Mississippi;189
1997;Missouri;387
1997;Montana;21
1997;Nebraska;50
1997;Nevada;163
1997;New Hampshire;0
1997;New Jersey;336
1997;New Mexico;109
1997;New York;1072
1997;North Carolina;608
1997;North Dakota;6
1997;Ohio;367
1997;Oklahoma;229
1997;Oregon;94
1997;Pennsylvania;684
1997;Rhode Island;25
1997;South Carolina;315
1997;South Dakota;6
1997;Tennessee;439
1997;Texas;1328
1997;Utah;53
1997;Vermont;0
1997;Virginia;490
1997;Washington;229
1997;West Virginia;75
1997;Wisconsin;205
1997;Wyoming;17
1998;Alabama;344
1998;Alaska;36
1998;Arizona;365
1998;Arkansas;201
1998;California;2169
1998;Colorado;172
1998;Connecticut;135
1998;Delaware;23
1998;District of Columbia;260
1998;Florida;966
1998;Georgia;605
1998;Hawaii;24
1998;Idaho;36
1998;Illinois;739
1998;Indiana;385
1998;Iowa;49
1998;Kansas;47
1998;Kentucky;86
1998;Louisiana;541
1998;Maine;26
1998;Maryland;513
1998;Massachusetts;121
1998;Michigan;725
1998;Minnesota;125
1998;Mississippi;187
1998;Missouri;372
1998;Montana;7
1998;Nebraska;51
1998;Nevada;170
1998;New Hampshire;8
1998;New Jersey;321
1998;New Mexico;148
1998;New York;893
1998;North Carolina;605
1998;North Dakota;7
1998;Ohio;358
1998;Oklahoma;204
1998;Oregon;122
1998;Pennsylvania;604
1998;Rhode Island;24
1998;South Carolina;311
1998;South Dakota;6
1998;Tennessee;420
1998;Texas;1346
1998;Utah;62
1998;Vermont;8
1998;Virginia;409
1998;Washington;216
1998;West Virginia;78
1998;Wisconsin;119
1998;Wyoming;14
1999;Alabama;339
1999;Alaska;51
1999;Arizona;383
1999;Arkansas;143
1999;California;2005
1999;Colorado;188
1999;Connecticut;107
1999;Delaware;24
1999;District of Columbia;241
1999;Florida;856
1999;Georgia;563
1999;Hawaii;44
1999;Idaho;25
1999;Illinois;693
1999;Indiana;324
1999;Iowa;49
1999;Kansas;42
1999;Kentucky;81
1999;Louisiana;453
1999;Maine;26
1999;Maryland;187
1999;Massachusetts;121
1999;Michigan;717
1999;Minnesota;128
1999;Mississippi;146
1999;Missouri;329
1999;Montana;17
1999;Nebraska;60
1999;Nevada;165
1999;New Hampshire;5
1999;New Jersey;287
1999;New Mexico;143
1999;New York;861
1999;North Carolina;538
1999;North Dakota;7
1999;Ohio;352
1999;Oklahoma;231
1999;Oregon;88
1999;Pennsylvania;565
1999;Rhode Island;36
1999;South Carolina;278
1999;South Dakota;13
1999;Tennessee;390
1999;Texas;1205
1999;Utah;50
1999;Vermont;10
1999;Virginia;368
1999;Washington;167
1999;West Virginia;69
1999;Wisconsin;179
1999;Wyoming;11
2000;Alabama;283
2000;Alaska;24
2000;Arizona;363
2000;Arkansas;168
2000;California;2079
2000;Colorado;127
2000;Connecticut;98
2000;Delaware;24
2000;District of Columbia;239
2000;Florida;890
2000;Georgia;602
2000;Hawaii;35
2000;Idaho;16
2000;Illinois;672
2000;Indiana;310
2000;Iowa;51
2000;Kansas;96
2000;Kentucky;72
2000;Louisiana;536
2000;Maine;15
2000;Maryland;438
2000;Massachusetts;122
2000;Michigan;665
2000;Minnesota;147
2000;Mississippi;171
2000;Missouri;332
2000;Montana;12
2000;Nebraska;61
2000;Nevada;129
2000;New Hampshire;14
2000;New Jersey;289
2000;New Mexico;119
2000;New York;911
2000;North Carolina;547
2000;North Dakota;3
2000;Ohio;362
2000;Oklahoma;181
2000;Oregon;68
2000;Pennsylvania;577
2000;Rhode Island;45
2000;South Carolina;287
2000;South Dakota;7
2000;Tennessee;420
2000;Texas;1236
2000;Utah;52
2000;Vermont;10
2000;Virginia;395
2000;Washington;193
2000;West Virginia;59
2000;Wisconsin;164
2000;Wyoming;12
2001;Alabama;326
2001;Alaska;34
2001;Arizona;398
2001;Arkansas;141
2001;California;2206
2001;Colorado;144
2001;Connecticut;106
2001;Delaware;29
2001;District of Columbia;232
2001;Florida;873
2001;Georgia;570
2001;Hawaii;32
2001;Idaho;30
2001;Illinois;718
2001;Indiana;380
2001;Iowa;49
2001;Kansas;83
2001;Kentucky;79
2001;Louisiana;487
2001;Maine;19
2001;Maryland;464
2001;Massachusetts;155
2001;Michigan;669
2001;Minnesota;116
2001;Mississippi;187
2001;Missouri;364
2001;Montana;23
2001;Nebraska;42
2001;Nevada;180
2001;New Hampshire;10
2001;New Jersey;339
2001;New Mexico;88
2001;New York;928
2001;North Carolina;496
2001;North Dakota;8
2001;Ohio;436
2001;Oklahoma;185
2001;Oregon;84
2001;Pennsylvania;607
2001;Rhode Island;39
2001;South Carolina;330
2001;South Dakota;10
2001;Tennessee;419
2001;Texas;1323
2001;Utah;84
2001;Vermont;7
2001;Virginia;369
2001;Washington;176
2001;West Virginia;40
2001;Wisconsin;193
2001;Wyoming;9
2002;Alabama;280
2002;Alaska;34
2002;Arizona;384
2002;Arkansas;137
2002;California;2395
2002;Colorado;171
2002;Connecticut;83
2002;Delaware;30
2002;District of Columbia;263
2002;Florida;906
2002;Georgia;595
2002;Hawaii;24
2002;Idaho;36
2002;Illinois;715
2002;Indiana;330
2002;Iowa;46
2002;Kansas;66
2002;Kentucky;85
2002;Louisiana;578
2002;Maine;14
2002;Maryland;528
2002;Massachusetts;173
2002;Michigan;683
2002;Minnesota;108
2002;Mississippi;185
2002;Missouri;330
2002;Montana;10
2002;Nebraska;47
2002;Nevada;181
2002;New Hampshire;11
2002;New Jersey;341
2002;New Mexico;138
2002;New York;892
2002;North Carolina;535
2002;North Dakota;5
2002;Ohio;495
2002;Oklahoma;163
2002;Oregon;72
2002;Pennsylvania;597
2002;Rhode Island;41
2002;South Carolina;306
2002;South Dakota;9
2002;Tennessee;425
2002;Texas;1300
2002;Utah;49
2002;Vermont;13
2002;Virginia;384
2002;Washington;180
2002;West Virginia;76
2002;Wisconsin;153
2002;Wyoming;15
2003;Alabama;288
2003;Alaska;39
2003;Arizona;440
2003;Arkansas;159
2003;California;2405
2003;Colorado;171
2003;Connecticut;109
2003;Delaware;21
2003;District of Columbia;249
2003;Florida;924
2003;Georgia;636
2003;Hawaii;22
2003;Idaho;26
2003;Illinois;648
2003;Indiana;320
2003;Iowa;50
2003;Kansas;93
2003;Kentucky;79
2003;Louisiana;567
2003;Maine;16
2003;Maryland;525
2003;Massachusetts;137
2003;Michigan;610
2003;Minnesota;124
2003;Mississippi;187
2003;Missouri;289
2003;Montana;21
2003;Nebraska;56
2003;Nevada;197
2003;New Hampshire;11
2003;New Jersey;406
2003;New Mexico;108
2003;New York;926
2003;North Carolina;485
2003;North Dakota;8
2003;Ohio;482
2003;Oklahoma;206
2003;Oregon;67
2003;Pennsylvania;627
2003;Rhode Island;25
2003;South Carolina;302
2003;South Dakota;10
2003;Tennessee;397
2003;Texas;1420
2003;Utah;57
2003;Vermont;15
2003;Virginia;413
2003;Washington;180
2003;West Virginia;65
2003;Wisconsin;182
2003;Wyoming;14
2004;Alabama;247
2004;Alaska;36
2004;Arizona;411
2004;Arkansas;166
2004;California;2393
2004;Colorado;198
2004;Connecticut;97
2004;Delaware;28
2004;District of Columbia;198
2004;Florida;946
2004;Georgia;554
2004;Hawaii;33
2004;Idaho;31
2004;Illinois;506
2004;Indiana;300
2004;Iowa;44
2004;Kansas;122
2004;Kentucky;217
2004;Louisiana;557
2004;Maine;18
2004;Maryland;521
2004;Massachusetts;170
2004;Michigan;643
2004;Minnesota;113
2004;Mississippi;178
2004;Missouri;357
2004;Montana;23
2004;Nebraska;40
2004;Nevada;172
2004;New Hampshire;13
2004;New Jersey;392
2004;New Mexico;150
2004;New York;894
2004;North Carolina;511
2004;North Dakota;8
2004;Ohio;480
2004;Oklahoma;186
2004;Oregon;90
2004;Pennsylvania;645
2004;Rhode Island;26
2004;South Carolina;285
2004;South Dakota;16
2004;Tennessee;356
2004;Texas;1361
2004;Utah;51
2004;Vermont;16
2004;Virginia;389
2004;Washington;189
2004;West Virginia;66
2004;Wisconsin;153
2004;Wyoming;11
2005;Alabama;308
2005;Alaska;32
2005;Arizona;425
2005;Arkansas;181
2005;California;2503
2005;Colorado;166
2005;Connecticut;103
2005;Delaware;41
2005;District of Columbia;195
2005;Florida;879
2005;Georgia;540
2005;Hawaii;25
2005;Idaho;41
2005;Illinois;514
2005;Indiana;333
2005;Iowa;40
2005;Kansas;100
2005;Kentucky;177
2005;Louisiana;400
2005;Maine;19
2005;Maryland;552
2005;Massachusetts;177
2005;Michigan;648
2005;Minnesota;115
2005;Mississippi;163
2005;Missouri;404
2005;Montana;19
2005;Nebraska;44
2005;Nevada;206
2005;New Hampshire;17
2005;New Jersey;417
2005;New Mexico;134
2005;New York;876
2005;North Carolina;572
2005;North Dakota;11
2005;Ohio;562
2005;Oklahoma;187
2005;Oregon;80
2005;Pennsylvania;747
2005;Rhode Island;34
2005;South Carolina;316
2005;South Dakota;16
2005;Tennessee;431
2005;Texas;1404
2005;Utah;55
2005;Vermont;8
2005;Virginia;458
2005;Washington;205
2005;West Virginia;78
2005;Wisconsin;207
2005;Wyoming;14
2006;Alabama;312
2006;Alaska;35
2006;Arizona;527
2006;Arkansas;204
2006;California;2486
2006;Colorado;171
2006;Connecticut;137
2006;Delaware;42
2006;District of Columbia;169
2006;Florida;1128
2006;Georgia;579
2006;Hawaii;20
2006;Idaho;35
2006;Illinois;678
2006;Indiana;344
2006;Iowa;54
2006;Kansas;124
2006;Kentucky;160
2006;Louisiana;536
2006;Maine;23
2006;Maryland;546
2006;Massachusetts;187
2006;Michigan;721
2006;Minnesota;124
2006;Mississippi;189
2006;Missouri;369
2006;Montana;32
2006;Nebraska;50
2006;Nevada;226
2006;New Hampshire;12
2006;New Jersey;427
2006;New Mexico;132
2006;New York;922
2006;North Carolina;529
2006;North Dakota;13
2006;Ohio;525
2006;Oklahoma;211
2006;Oregon;86
2006;Pennsylvania;731
2006;Rhode Island;27
2006;South Carolina;362
2006;South Dakota;25
2006;Tennessee;419
2006;Texas;1385
2006;Utah;51
2006;Vermont;14
2006;Virginia;402
2006;Washington;197
2006;West Virginia;75
2006;Wisconsin;165
2006;Wyoming;13
2007;Alabama;351
2007;Alaska;43
2007;Arizona;540
2007;Arkansas;196
2007;California;2262
2007;Colorado;155
2007;Connecticut;113
2007;Delaware;39
2007;District of Columbia;181
2007;Florida;1202
2007;Georgia;704
2007;Hawaii;24
2007;Idaho;49
2007;Illinois;736
2007;Indiana;336
2007;Iowa;39
2007;Kansas;106
2007;Kentucky;199
2007;Louisiana;612
2007;Maine;20
2007;Maryland;554
2007;Massachusetts;186
2007;Michigan;659
2007;Minnesota;114
2007;Mississippi;164
2007;Missouri;367
2007;Montana;26
2007;Nebraska;69
2007;Nevada;193
2007;New Hampshire;11
2007;New Jersey;381
2007;New Mexico;178
2007;New York;805
2007;North Carolina;556
2007;North Dakota;16
2007;Ohio;507
2007;Oklahoma;224
2007;Oregon;75
2007;Pennsylvania;725
2007;Rhode Island;19
2007;South Carolina;364
2007;South Dakota;27
2007;Tennessee;405
2007;Texas;1419
2007;Utah;58
2007;Vermont;13
2007;Virginia;415
2007;Washington;174
2007;West Virginia;61
2007;Wisconsin;185
2007;Wyoming;21
2008;Alabama;336
2008;Alaska;27
2008;Arizona;459
2008;Arkansas;164
2008;California;2142
2008;Colorado;165
2008;Connecticut;132
2008;Delaware;57
2008;District of Columbia;186
2008;Florida;1168
2008;Georgia;628
2008;Hawaii;26
2008;Idaho;23
2008;Illinois;709
2008;Indiana;311
2008;Iowa;77
2008;Kansas;112
2008;Kentucky;194
2008;Louisiana;530
2008;Maine;31
2008;Maryland;493
2008;Massachusetts;166
2008;Michigan;553
2008;Minnesota;109
2008;Mississippi;196
2008;Missouri;456
2008;Montana;40
2008;Nebraska;67
2008;Nevada;165
2008;New Hampshire;14
2008;New Jersey;376
2008;New Mexico;159
2008;New York;836
2008;North Carolina;584
2008;North Dakota;10
2008;Ohio;471
2008;Oklahoma;215
2008;Oregon;87
2008;Pennsylvania;703
2008;Rhode Island;31
2008;South Carolina;307
2008;South Dakota;32
2008;Tennessee;412
2008;Texas;1369
2008;Utah;41
2008;Vermont;17
2008;Virginia;370
2008;Washington;193
2008;West Virginia;64
2008;Wisconsin;146
2008;Wyoming;12
2009;Alabama;318
2009;Alaska;22
2009;Arizona;378
2009;Arkansas;171
2009;California;1972
2009;Colorado;157
2009;Connecticut;106
2009;Delaware;41
2009;District of Columbia;145
2009;Florida;1017
2009;Georgia;558
2009;Hawaii;23
2009;Idaho;24
2009;Illinois;690
2009;Indiana;295
2009;Iowa;38
2009;Kansas;124
2009;Kentucky;176
2009;Louisiana;518
2009;Maine;26
2009;Maryland;440
2009;Massachusetts;173
2009;Michigan;621
2009;Minnesota;74
2009;Mississippi;156
2009;Missouri;387
2009;Montana;32
2009;Nebraska;41
2009;Nevada;156
2009;New Hampshire;11
2009;New Jersey;319
2009;New Mexico;188
2009;New York;781
2009;North Carolina;479
2009;North Dakota;12
2009;Ohio;513
2009;Oklahoma;234
2009;Oregon;88
2009;Pennsylvania;664
2009;Rhode Island;32
2009;South Carolina;304
2009;South Dakota;26
2009;Tennessee;468
2009;Texas;1330
2009;Utah;39
2009;Vermont;8
2009;Virginia;370
2009;Washington;187
2009;West Virginia;77
2009;Wisconsin;146
2009;Wyoming;11
2010;Alabama;219
2010;Alaska;31
2010;Arizona;405
2010;Arkansas;132
2010;California;1809
2010;Colorado;127
2010;Connecticut;132
2010;Delaware;51
2010;District of Columbia;132
2010;Florida;987
2010;Georgia;551
2010;Hawaii;25
2010;Idaho;22
2010;Illinois;700
2010;Indiana;261
2010;Iowa;39
2010;Kansas;98
2010;Kentucky;181
2010;Louisiana;497
2010;Maine;24
2010;Maryland;426
2010;Massachusetts;214
2010;Michigan;583
2010;Minnesota;96
2010;Mississippi;170
2010;Missouri;421
2010;Montana;27
2010;Nebraska;54
2010;Nevada;157
2010;New Hampshire;13
2010;New Jersey;371
2010;New Mexico;139
2010;New York;865
2010;North Carolina;452
2010;North Dakota;10
2010;Ohio;472
2010;Oklahoma;195
2010;Oregon;98
2010;Pennsylvania;654
2010;Rhode Island;29
2010;South Carolina;268
2010;South Dakota;23
2010;Tennessee;359
2010;Texas;1248
2010;Utah;53
2010;Vermont;7
2010;Virginia;375
2010;Washington;154
2010;West Virginia;57
2010;Wisconsin;155
2010;Wyoming;8
2011;Alabama;296
2011;Alaska;30
2011;Arizona;389
2011;Arkansas;159
2011;California;1792
2011;Colorado;154
2011;Connecticut;129
2011;Delaware;48
2011;District of Columbia;108
2011;Florida;984
2011;Georgia;547
2011;Hawaii;20
2011;Idaho;34
2011;Illinois;780
2011;Indiana;285
2011;Iowa;45
2011;Kansas;112
2011;Kentucky;150
2011;Louisiana;503
2011;Maine;26
2011;Maryland;399
2011;Massachusetts;183
2011;Michigan;616
2011;Minnesota;75
2011;Mississippi;191
2011;Missouri;367
2011;Montana;29
2011;Nebraska;68
2011;Nevada;134
2011;New Hampshire;16
2011;New Jersey;379
2011;New Mexico;156
2011;New York;769
2011;North Carolina;491
2011;North Dakota;24
2011;Ohio;493
2011;Oklahoma;213
2011;Oregon;84
2011;Pennsylvania;639
2011;Rhode Island;20
2011;South Carolina;320
2011;South Dakota;19
2011;Tennessee;380
2011;Texas;1129
2011;Utah;50
2011;Vermont;11
2011;Virginia;304
2011;Washington;162
2011;West Virginia;84
2011;Wisconsin;138
2011;Wyoming;18
2012;Alabama;336
2012;Alaska;30
2012;Arizona;351
2012;Arkansas;173
2012;California;1884
2012;Colorado;163
2012;Connecticut;143
2012;Delaware;56
2012;District of Columbia;88
2012;Florida;1009
2012;Georgia;582
2012;Hawaii;21
2012;Idaho;31
2012;Illinois;768
2012;Indiana;300
2012;Iowa;49
2012;Kansas;85
2012;Kentucky;198
2012;Louisiana;485
2012;Maine;26
2012;Maryland;373
2012;Massachusetts;121
2012;Michigan;701
2012;Minnesota;99
2012;Mississippi;177
2012;Missouri;390
2012;Montana;29
2012;Nebraska;52
2012;Nevada;124
2012;New Hampshire;15
2012;New Jersey;388
2012;New Mexico;119
2012;New York;682
2012;North Carolina;472
2012;North Dakota;25
2012;Ohio;477
2012;Oklahoma;220
2012;Oregon;91
2012;Pennsylvania;707
2012;Rhode Island;36
2012;South Carolina;333
2012;South Dakota;23
2012;Tennessee;400
2012;Texas;1147
2012;Utah;53
2012;Vermont;8
2012;Virginia;322
2012;Washington;213
2012;West Virginia;69
2012;Wisconsin;168
2012;Wyoming;14
2013;Alabama;295
2013;Alaska;34
2013;Arizona;351
2013;Arkansas;155
2013;California;1746
2013;Colorado;172
2013;Connecticut;91
2013;Delaware;41
2013;District of Columbia;103
2013;Florida;970
2013;Georgia;559
2013;Hawaii;21
2013;Idaho;29
2013;Illinois;719
2013;Indiana;342
2013;Iowa;42
2013;Kansas;117
2013;Kentucky;171
2013;Louisiana;490
2013;Maine;24
2013;Maryland;381
2013;Massachusetts;137
2013;Michigan;623
2013;Minnesota;114
2013;Mississippi;145
2013;Missouri;368
2013;Montana;23
2013;Nebraska;56
2013;Nevada;163
2013;New Hampshire;21
2013;New Jersey;400
2013;New Mexico;116
2013;New York;643
2013;North Carolina;455
2013;North Dakota;16
2013;Ohio;473
2013;Oklahoma;198
2013;Oregon;80
2013;Pennsylvania;611
2013;Rhode Island;31
2013;South Carolina;304
2013;South Dakota;18
2013;Tennessee;334
2013;Texas;1139
2013;Utah;51
2013;Vermont;10
2013;Virginia;320
2013;Washington;166
2013;West Virginia;58
2013;Wisconsin;163
2013;Wyoming;16
2014;Alabama;269
2014;Alaska;41
2014;Arizona;305
2014;Arkansas;165
2014;California;1700
2014;Colorado;148
2014;Connecticut;89
2014;Delaware;50
2014;District of Columbia;105
2014;Florida;981
2014;Georgia;587
2014;Hawaii;15
2014;Idaho;32
2014;Illinois;679
2014;Indiana;311
2014;Iowa;59
2014;Kansas;90
2014;Kentucky;164
2014;Louisiana;465
2014;Maine;21
2014;Maryland;362
2014;Massachusetts;132
2014;Michigan;544
2014;Minnesota;88
2014;Mississippi;174
2014;Missouri;404
2014;Montana;38
2014;Nebraska;52
2014;Nevada;170
2014;New Hampshire;16
2014;New Jersey;352
2014;New Mexico;99
2014;New York;616
2014;North Carolina;486
2014;North Dakota;23
2014;Ohio;448
2014;Oklahoma;180
2014;Oregon;78
2014;Pennsylvania;610
2014;Rhode Island;26
2014;South Carolina;321
2014;South Dakota;21
2014;Tennessee;368
2014;Texas;1189
2014;Utah;66
2014;Vermont;10
2014;Virginia;350
2014;Washington;178
2014;West Virginia;73
2014;Wisconsin;157
2014;Wyoming;16
2015;Alabama;343
2015;Alaska;59
2015;Arizona;304
2015;Arkansas;178
2015;California;1861
2015;Colorado;173
2015;Connecticut;116
2015;Delaware;62
2015;District of Columbia;162
2015;Florida;1040
2015;Georgia;606
2015;Hawaii;29
2015;Idaho;32
2015;Illinois;747
2015;Indiana;347
2015;Iowa;74
2015;Kansas;122
2015;Kentucky;219
2015;Louisiana;487
2015;Maine;23
2015;Maryland;540
2015;Massachusetts;130
2015;Michigan;583
2015;Minnesota;133
2015;Mississippi;161
2015;Missouri;503
2015;Montana;38
2015;Nebraska;61
2015;Nevada;178
2015;New Hampshire;15
2015;New Jersey;353
2015;New Mexico;113
2015;New York;613
2015;North Carolina;486
2015;North Dakota;21
2015;Ohio;505
2015;Oklahoma;239
2015;Oregon;82
2015;Pennsylvania;666
2015;Rhode Island;31
2015;South Carolina;401
2015;South Dakota;30
2015;Tennessee;418
2015;Texas;1315
2015;Utah;57
2015;Vermont;11
2015;Virginia;390
2015;Washington;218
2015;West Virginia;71
2015;Wisconsin;237
2015;Wyoming;16
2016;Alabama;396
2016;Alaska;52
2016;Arizona;389
2016;Arkansas;210
2016;California;1930
2016;Colorado;188
2016;Connecticut;80
2016;Delaware;58
2016;District of Columbia;138
2016;Florida;1108
2016;Georgia;673
2016;Hawaii;35
2016;Idaho;49
2016;Illinois;1052
2016;Indiana;395
2016;Iowa;74
2016;Kansas;98
2016;Kentucky;265
2016;Louisiana;552
2016;Maine;20
2016;Maryland;534
2016;Massachusetts;133
2016;Michigan;612
2016;Minnesota;100
2016;Mississippi;157
2016;Missouri;539
2016;Montana;37
2016;Nebraska;49
2016;Nevada;224
2016;New Hampshire;18
2016;New Jersey;378
2016;New Mexico;137
2016;New York;627
2016;North Carolina;591
2016;North Dakota;16
2016;Ohio;657
2016;Oklahoma;245
2016;Oregon;109
2016;Pennsylvania;675
2016;Rhode Island;29
2016;South Carolina;357
2016;South Dakota;27
2016;Tennessee;495
2016;Texas;1475
2016;Utah;74
2016;Vermont;13
2016;Virginia;482
2016;Washington;195
2016;West Virginia;80
2016;Wisconsin;232
2016;Wyoming;20
2017;Alabama;397
2017;Alaska;62
2017;Arizona;423
2017;Arkansas;251
2017;California;1830
2017;Colorado;224
2017;Connecticut;109
2017;Delaware;49
2017;District of Columbia;116
2017;Florida;1057
2017;Georgia;603
2017;Hawaii;39
2017;Idaho;41
2017;Illinois;1467
2017;Indiana;377
2017;Iowa;98
2017;Kansas;129
2017;Kentucky;270
2017;Louisiana;571
2017;Maine;23
2017;Maryland;553
2017;Massachusetts;172
2017;Michigan;574
2017;Minnesota;112
2017;Mississippi;158
2017;Missouri;603
2017;Montana;42
2017;Nebraska;44
2017;Nevada;266
2017;New Hampshire;14
2017;New Jersey;324
2017;New Mexico;143
2017;New York;545
2017;North Carolina;550
2017;North Dakota;10
2017;Ohio;712
2017;Oklahoma;243
2017;Oregon;107
2017;Pennsylvania;743
2017;Rhode Island;21
2017;South Carolina;374
2017;South Dakota;23
2017;Tennessee;535
2017;Texas;1402
2017;Utah;68
2017;Vermont;16
2017;Virginia;442
2017;Washington;226
2017;West Virginia;97
2017;Wisconsin;189
2017;Wyoming;14
2018;Alabama;363
2018;Alaska;47
2018;Arizona;379
2018;Arkansas;230
2018;California;1739
2018;Colorado;217
2018;Connecticut;91
2018;Delaware;47
2018;District of Columbia;160
2018;Florida;1107
2018;Georgia;605
2018;Hawaii;37
2018;Idaho;34
2018;Illinois;897
2018;Indiana;388
2018;Iowa;45
2018;Kansas;111
2018;Kentucky;253
2018;Louisiana;523
2018;Maine;23
2018;Maryland;492
2018;Massachusetts;137
2018;Michigan;562
2018;Minnesota;105
2018;Mississippi;150
2018;Missouri;603
2018;Montana;41
2018;Nebraska;47
2018;Nevada;204
2018;New Hampshire;21
2018;New Jersey;285
2018;New Mexico;155
2018;New York;560
2018;North Carolina;539
2018;North Dakota;16
2018;Ohio;601
2018;Oklahoma;214
2018;Oregon;86
2018;Pennsylvania;783
2018;Rhode Island;16
2018;South Carolina;405
2018;South Dakota;12
2018;Tennessee;519
2018;Texas;1333
2018;Utah;61
2018;Vermont;12
2018;Virginia;415
2018;Washington;240
2018;West Virginia;77
2018;Wisconsin;176
2018;Wyoming;12
2019;Alabama;139
2019;Alaska;69
2019;Arizona;358
2019;Arkansas;236
2019;California;1679
2019;Colorado;232
2019;Connecticut;106
2019;Delaware;46
2019;District of Columbia;166
2019;Florida;1120
2019;Georgia;500
2019;Hawaii;31
2019;Idaho;29
2019;Illinois;844
2019;Indiana;362
2019;Iowa;70
2019;Kansas;93
2019;Kentucky;232
2019;Louisiana;530
2019;Maine;23
2019;Maryland;546
2019;Massachusetts;153
2019;Michigan;578
2019;Minnesota;127
2019;Mississippi;194
2019;Missouri;578
2019;Montana;40
2019;Nebraska;46
2019;Nevada;144
2019;New Hampshire;33
2019;New Jersey;263
2019;New Mexico;175
2019;New York;556
2019;North Carolina;613
2019;North Dakota;24
2019;Ohio;576
2019;Oklahoma;275
2019;Oregon;113
2019;Pennsylvania;655
2019;Rhode Island;25
2019;South Carolina;454
2019;South Dakota;16
2019;Tennessee;543
2019;Texas;1447
2019;Utah;72
2019;Vermont;12
2019;Virginia;441
2019;Washington;206
2019;West Virginia;94
2019;Wisconsin;189
2019;Wyoming;13
2020;Alabama;241
2020;Alaska;48
2020;Arizona;480
2020;Arkansas;322
2020;California;2202
2020;Colorado;307
2020;Connecticut;150
2020;Delaware;73
2020;District of Columbia;201
2020;Florida;1288
2020;Georgia;623
2020;Hawaii;48
2020;Idaho;41
2020;Illinois;1122
2020;Indiana;502
2020;Iowa;112
2020;Kansas;116
2020;Kentucky;350
2020;Louisiana;729
2020;Maine;23
2020;Maryland;571
2020;Massachusetts;164
2020;Michigan;764
2020;Minnesota;177
2020;Mississippi;260
2020;Missouri;739
2020;Montana;54
2020;Nebraska;68
2020;Nevada;185
2020;New Hampshire;12
2020;New Jersey;330
2020;New Mexico;155
2020;New York;826
2020;North Carolina;837
2020;North Dakota;33
2020;Ohio;827
2020;Oklahoma;303
2020;Oregon;133
2020;Pennsylvania;870
2020;Rhode Island;31
2020;South Carolina;567
2020;South Dakota;39
2020;Tennessee;703
2020;Texas;1962
2020;Utah;98
2020;Vermont;14
2020;Virginia;540
2020;Washington;309
2020;West Virginia;126
2020;Wisconsin;313
2020;Wyoming;17
2021;Alabama;422
2021;Alaska;23
2021;Arizona;207
2021;Arkansas;326
2021;California;392
2021;Colorado;370
2021;Connecticut;162
2021;Delaware;97
2021;District of Columbia;116
2021;Florida;370
2021;Georgia;808
2021;Hawaii;28
2021;Idaho;43
2021;Illinois;600
2021;Indiana;465
2021;Iowa;75
2021;Kansas;137
2021;Kentucky;383
2021;Louisiana;822
2021;Maine;20
2021;Maryland;402
2021;Massachusetts;133
2021;Michigan;760
2021;Minnesota;205
2021;Mississippi;160
2021;Missouri;631
2021;Montana;31
2021;Nebraska;28
2021;Nevada;242
2021;New Hampshire;13
2021;New Jersey;297
2021;New Mexico;230
2021;New York;227
2021;North Carolina;972
2021;North Dakota;15
2021;Ohio;886
2021;Oklahoma;298
2021;Oregon;205
2021;Pennsylvania;765
2021;Rhode Island;37
2021;South Carolina;587
2021;South Dakota;27
2021;Tennessee;706
2021;Texas;2068
2021;Utah;76
2021;Vermont;9
2021;Virginia;582
2021;Washington;335
2021;West Virginia;112
2021;Wisconsin;333
2021;Wyoming;14
2022;Alabama;522
2022;Alaska;71
2022;Arizona;526
2022;Arkansas;313
2022;California;2233
2022;Colorado;392
2022;Connecticut;141
2022;Delaware;49
2022;District of Columbia;207
2022;Florida;931
2022;Georgia;884
2022;Hawaii;40
2022;Idaho;55
2022;Illinois;908
2022;Indiana;468
2022;Iowa;61
2022;Kansas;133
2022;Kentucky;335
2022;Louisiana;710
2022;Maine;29
2022;Maryland;623
2022;Massachusetts;152
2022;Michigan;686
2022;Minnesota;183
2022;Mississippi;144
2022;Missouri;638
2022;Montana;49
2022;Nebraska;60
2022;Nevada;225
2022;New Hampshire;32
2022;New Jersey;283
2022;New Mexico;242
2022;New York;799
2022;North Carolina;863
2022;North Dakota;29
2022;Ohio;753
2022;Oklahoma;281
2022;Oregon;203
2022;Pennsylvania;945
2022;Rhode Island;18
2022;South Carolina;561
2022;South Dakota;40
2022;Tennessee;654
2022;Texas;2097
2022;Utah;80
2022;Vermont;22
2022;Virginia;642
2022;Washington;400
2022;West Virginia;93
2022;Wisconsin;322
2022;Wyoming;14
2023;Alabama;502
2023;Alaska;59
2023;Arizona;474
2023;Arkansas;290
2023;California;1914
2023;Colorado;322
2023;Connecticut;138
2023;Delaware;46
2023;District of Columbia;267
2023;Florida;794
2023;Georgia;753
2023;Hawaii;36
2023;Idaho;44
2023;Illinois;822
2023;Indiana;385
2023;Iowa;77
2023;Kansas;133
2023;Kentucky;291
2023;Louisiana;642
2023;Maine;60
2023;Maryland;545
2023;Massachusetts;149
2023;Michigan;571
2023;Minnesota;184
2023;Mississippi;132
2023;Missouri;584
2023;Montana;33
2023;Nebraska;48
2023;Nevada;236
2023;New Hampshire;24
2023;New Jersey;258
2023;New Mexico;234
2023;New York;654
2023;North Carolina;859
2023;North Dakota;28
2023;Ohio;706
2023;Oklahoma;258
2023;Oregon;192
2023;Pennsylvania;864
2023;Rhode Island;29
2023;South Carolina;480
2023;South Dakota;27
2023;Tennessee;722
2023;Texas;1895
2023;Utah;79
2023;Vermont;18
2023;Virginia;542
2023;Washington;378
2023;West Virginia;95
2023;Wisconsin;297
2023;Wyoming;18
2024;Alabama;463
2024;Alaska;51
2024;Arizona;378
2024;Arkansas;227
2024;California;1663
2024;Colorado;270
2024;Connecticut;90
2024;Delaware;60
2024;District of Columbia;180
2024;Florida;659
2024;Georgia;742
2024;Hawaii;31
2024;Idaho;32
2024;Illinois;721
2024;Indiana;395
2024;Iowa;72
2024;Kansas;116
2024;Kentucky;287
2024;Louisiana;356
2024;Maine;33
2024;Maryland;460
2024;Massachusetts;128
2024;Michigan;502
2024;Minnesota;172
2024;Mississippi;114
2024;Missouri;491
2024;Montana;31
2024;Nebraska;43
2024;Nevada;201
2024;New Hampshire;14
2024;New Jersey;225
2024;New Mexico;218
2024;New York;542
2024;North Carolina;798
2024;North Dakota;20
2024;Ohio;607
2024;Oklahoma;259
2024;Oregon;162
2024;Pennsylvania;671
2024;Rhode Island;23
2024;South Carolina;419
2024;South Dakota;38
2024;Tennessee;584
2024;Texas;1645
2024;Utah;86
2024;Vermont;23
2024;Virginia;427
2024;Washington;316
2024;West Virginia;102
2024;Wisconsin;255
2024;Wyoming;13
2025;Alabama;44
2025;Alaska;6
2025;Arizona;25
2025;Arkansas;23
2025;California;83
2025;Colorado;19
2025;Connecticut;12
2025;Delaware;0
2025;District of Columbia;9
2025;Florida;36
2025;Georgia;45
2025;Hawaii;1
2025;Idaho;4
2025;Illinois;47
2025;Indiana;25
2025;Iowa;2
2025;Kansas;7
2025;Kentucky;14
2025;Louisiana;30
2025;Maine;0
2025;Maryland;26
2025;Massachusetts;11
2025;Michigan;29
2025;Minnesota;5
2025;Mississippi;5
2025;Missouri;35
2025;Montana;1
2025;Nebraska;3
2025;Nevada;9
2025;New Hampshire;0
2025;New Jersey;16
2025;New Mexico;12
2025;New York;38
2025;North Carolina;57
2025;North Dakota;0
2025;Ohio;42
2025;Oklahoma;10
2025;Oregon;8
2025;Pennsylvania;51
2025;Rhode Island;4
2025;South Carolina;30
2025;South Dakota;0
2025;Tennessee;55
2025;Texas;119
2025;Utah;13
2025;Vermont;1
2025;Virginia;26
2025;Washington;15
2025;West Virginia;6
2025;Wisconsin;14
2025;Wyoming;1
