Countyfips;State;Year;Total Population;StateCode
0;U.S.;1990;249622814;
0;U.S.;1991;252980941;
0;U.S.;1992;256514224;
0;U.S.;1993;259918588;
0;U.S.;1994;263125821;
0;U.S.;1995;266278393;
0;U.S.;1996;269394284;
0;U.S.;1997;272646925;
0;U.S.;1998;275854104;
0;U.S.;1999;279040168;
0;U.S.;2000;282162411;
0;U.S.;2001;284968955;
0;U.S.;2002;287625193;
0;U.S.;2003;290107933;
0;U.S.;2004;292805298;
0;U.S.;2005;295516599;
0;U.S.;2006;298379912;
0;U.S.;2007;301231207;
0;U.S.;2008;304093966;
0;U.S.;2009;306771529;
0;U.S.;2010;309327143;
0;U.S.;2011;311583481;
0;U.S.;2012;313877662;
0;U.S.;2013;316059947;
0;U.S.;2014;318386329;
0;U.S.;2015;320738994;
0;U.S.;2016;323071755;
0;U.S.;2017;325122128;
0;U.S.;2018;326838199;
0;U.S.;2019;328329953;
0;U.S.;2020;331577720;
0;U.S.;2021;332099760;
0;U.S.;2022;334017321;
0;U.S.;2023;336806231;
0;U.S.;2024;340110988;
0;Alabama;1990;4050055;AL
0;Alabama;1991;4099156;AL
0;Alabama;1992;4154014;AL
0;Alabama;1993;4214202;AL
0;Alabama;1994;4260229;AL
0;Alabama;1995;4296800;AL
0;Alabama;1996;4331103;AL
0;Alabama;1997;4367935;AL
0;Alabama;1998;4404701;AL
0;Alabama;1999;4430141;AL
0;Alabama;2000;4452173;AL
0;Alabama;2001;4467634;AL
0;Alabama;2002;4480089;AL
0;Alabama;2003;4503491;AL
0;Alabama;2004;4530729;AL
0;Alabama;2005;4569805;AL
0;Alabama;2006;4628981;AL
0;Alabama;2007;4672840;AL
0;Alabama;2008;4718206;AL
0;Alabama;2009;4757938;AL
0;Alabama;2010;4785514;AL
0;Alabama;2011;4799642;AL
0;Alabama;2012;4816632;AL
0;Alabama;2013;4831586;AL
0;Alabama;2014;4843737;AL
0;Alabama;2015;4854803;AL
0;Alabama;2016;4866824;AL
0;Alabama;2017;4877989;AL
0;Alabama;2018;4891628;AL
0;Alabama;2019;4907965;AL
0;Alabama;2020;5033094;AL
0;Alabama;2021;5049196;AL
0;Alabama;2022;5076181;AL
0;Alabama;2023;5117673;AL
0;Alabama;2024;5157699;AL
0;Alaska;1990;553290;AK
0;Alaska;1991;570193;AK
0;Alaska;1992;588736;AK
0;Alaska;1993;599434;AK
0;Alaska;1994;603308;AK
0;Alaska;1995;604412;AK
0;Alaska;1996;608569;AK
0;Alaska;1997;612968;AK
0;Alaska;1998;619933;AK
0;Alaska;1999;624779;AK
0;Alaska;2000;627963;AK
0;Alaska;2001;633714;AK
0;Alaska;2002;642337;AK
0;Alaska;2003;648414;AK
0;Alaska;2004;659286;AK
0;Alaska;2005;666946;AK
0;Alaska;2006;675302;AK
0;Alaska;2007;680300;AK
0;Alaska;2008;687455;AK
0;Alaska;2009;698895;AK
0;Alaska;2010;713982;AK
0;Alaska;2011;722349;AK
0;Alaska;2012;730810;AK
0;Alaska;2013;737626;AK
0;Alaska;2014;737075;AK
0;Alaska;2015;738430;AK
0;Alaska;2016;742575;AK
0;Alaska;2017;740983;AK
0;Alaska;2018;736624;AK
0;Alaska;2019;733603;AK
0;Alaska;2020;733017;AK
0;Alaska;2021;734420;AK
0;Alaska;2022;734442;AK
0;Alaska;2023;736510;AK
0;Alaska;2024;740133;AK
0;Arizona;1990;3684097;AZ
0;Arizona;1991;3788576;AZ
0;Arizona;1992;3915740;AZ
0;Arizona;1993;4065440;AZ
0;Arizona;1994;4245089;AZ
0;Arizona;1995;4432499;AZ
0;Arizona;1996;4586940;AZ
0;Arizona;1997;4736990;AZ
0;Arizona;1998;4883342;AZ
0;Arizona;1999;5023823;AZ
0;Arizona;2000;5160586;AZ
0;Arizona;2001;5273477;AZ
0;Arizona;2002;5396255;AZ
0;Arizona;2003;5510364;AZ
0;Arizona;2004;5652404;AZ
0;Arizona;2005;5839077;AZ
0;Arizona;2006;6029141;AZ
0;Arizona;2007;6167681;AZ
0;Arizona;2008;6280362;AZ
0;Arizona;2009;6343154;AZ
0;Arizona;2010;6407342;AZ
0;Arizona;2011;6473416;AZ
0;Arizona;2012;6556344;AZ
0;Arizona;2013;6634690;AZ
0;Arizona;2014;6732873;AZ
0;Arizona;2015;6832810;AZ
0;Arizona;2016;6944767;AZ
0;Arizona;2017;7048088;AZ
0;Arizona;2018;7164228;AZ
0;Arizona;2019;7291843;AZ
0;Arizona;2020;7187135;AZ
0;Arizona;2021;7274078;AZ
0;Arizona;2022;7377566;AZ
0;Arizona;2023;7473027;AZ
0;Arizona;2024;7582384;AZ
0;Arkansas;1990;2356586;AR
0;Arkansas;1991;2383144;AR
0;Arkansas;1992;2415984;AR
0;Arkansas;1993;2456303;AR
0;Arkansas;1994;2494019;AR
0;Arkansas;1995;2535399;AR
0;Arkansas;1996;2572109;AR
0;Arkansas;1997;2601091;AR
0;Arkansas;1998;2626289;AR
0;Arkansas;1999;2651860;AR
0;Arkansas;2000;2678588;AR
0;Arkansas;2001;2691571;AR
0;Arkansas;2002;2705927;AR
0;Arkansas;2003;2724816;AR
0;Arkansas;2004;2749686;AR
0;Arkansas;2005;2781097;AR
0;Arkansas;2006;2821761;AR
0;Arkansas;2007;2848650;AR
0;Arkansas;2008;2874554;AR
0;Arkansas;2009;2896843;AR
0;Arkansas;2010;2921998;AR
0;Arkansas;2011;2941038;AR
0;Arkansas;2012;2952876;AR
0;Arkansas;2013;2960459;AR
0;Arkansas;2014;2968759;AR
0;Arkansas;2015;2979732;AR
0;Arkansas;2016;2991815;AR
0;Arkansas;2017;3003855;AR
0;Arkansas;2018;3012161;AR
0;Arkansas;2019;3020985;AR
0;Arkansas;2020;3014546;AR
0;Arkansas;2021;3026870;AR
0;Arkansas;2022;3047704;AR
0;Arkansas;2023;3069463;AR
0;Arkansas;2024;3088354;AR
0;California;1990;29959515;CA
0;California;1991;30470736;CA
0;California;1992;30974659;CA
0;California;1993;31274928;CA
0;California;1994;31484435;CA
0;California;1995;31696582;CA
0;California;1996;32018834;CA
0;California;1997;32486010;CA
0;California;1998;32987675;CA
0;California;1999;33499204;CA
0;California;2000;33987977;CA
0;California;2001;34479458;CA
0;California;2002;34871843;CA
0;California;2003;35253159;CA
0;California;2004;35574576;CA
0;California;2005;35827943;CA
0;California;2006;36021202;CA
0;California;2007;36250311;CA
0;California;2008;36604337;CA
0;California;2009;36961229;CA
0;California;2010;37319550;CA
0;California;2011;37636311;CA
0;California;2012;37944551;CA
0;California;2013;38253768;CA
0;California;2014;38586706;CA
0;California;2015;38904296;CA
0;California;2016;39149186;CA
0;California;2017;39337785;CA
0;California;2018;39437463;CA
0;California;2019;39437610;CA
0;California;2020;39521958;CA
0;California;2021;39142565;CA
0;California;2022;39142414;CA
0;California;2023;39198693;CA
0;California;2024;39431263;CA
0;Colorado;1990;3307618;CO
0;Colorado;1991;3387119;CO
0;Colorado;1992;3495939;CO
0;Colorado;1993;3613734;CO
0;Colorado;1994;3724168;CO
0;Colorado;1995;3826653;CO
0;Colorado;1996;3919972;CO
0;Colorado;1997;4018293;CO
0;Colorado;1998;4116639;CO
0;Colorado;1999;4226018;CO
0;Colorado;2000;4326921;CO
0;Colorado;2001;4425687;CO
0;Colorado;2002;4490406;CO
0;Colorado;2003;4528732;CO
0;Colorado;2004;4575013;CO
0;Colorado;2005;4631888;CO
0;Colorado;2006;4720423;CO
0;Colorado;2007;4803868;CO
0;Colorado;2008;4889730;CO
0;Colorado;2009;4972195;CO
0;Colorado;2010;5047539;CO
0;Colorado;2011;5121900;CO
0;Colorado;2012;5193660;CO
0;Colorado;2013;5270774;CO
0;Colorado;2014;5352637;CO
0;Colorado;2015;5454328;CO
0;Colorado;2016;5543844;CO
0;Colorado;2017;5617421;CO
0;Colorado;2018;5697155;CO
0;Colorado;2019;5758486;CO
0;Colorado;2020;5787129;CO
0;Colorado;2021;5814036;CO
0;Colorado;2022;5850935;CO
0;Colorado;2023;5901339;CO
0;Colorado;2024;5957493;CO
0;Connecticut;1990;3291967;CT
0;Connecticut;1991;3302895;CT
0;Connecticut;1992;3300712;CT
0;Connecticut;1993;3309175;CT
0;Connecticut;1994;3316121;CT
0;Connecticut;1995;3324144;CT
0;Connecticut;1996;3336685;CT
0;Connecticut;1997;3349348;CT
0;Connecticut;1998;3365352;CT
0;Connecticut;1999;3386401;CT
0;Connecticut;2000;3411777;CT
0;Connecticut;2001;3432835;CT
0;Connecticut;2002;3458749;CT
0;Connecticut;2003;3484336;CT
0;Connecticut;2004;3496094;CT
0;Connecticut;2005;3506956;CT
0;Connecticut;2006;3517460;CT
0;Connecticut;2007;3527270;CT
0;Connecticut;2008;3545579;CT
0;Connecticut;2009;3561807;CT
0;Connecticut;2010;3579173;CT
0;Connecticut;2011;3588632;CT
0;Connecticut;2012;3595211;CT
0;Connecticut;2013;3595792;CT
0;Connecticut;2014;3595697;CT
0;Connecticut;2015;3588561;CT
0;Connecticut;2016;3579830;CT
0;Connecticut;2017;3575324;CT
0;Connecticut;2018;3574561;CT
0;Connecticut;2019;3566022;CT
0;Connecticut;2020;3579918;CT
0;Connecticut;2021;3606607;CT
0;Connecticut;2022;3617925;CT
0;Connecticut;2023;3643023;CT
0;Connecticut;2024;3675069;CT
0;Delaware;1990;669567;DE
0;Delaware;1991;683080;DE
0;Delaware;1992;694927;DE
0;Delaware;1993;706378;DE
0;Delaware;1994;717545;DE
0;Delaware;1995;729735;DE
0;Delaware;1996;740978;DE
0;Delaware;1997;751487;DE
0;Delaware;1998;763335;DE
0;Delaware;1999;774990;DE
0;Delaware;2000;786373;DE
0;Delaware;2001;795699;DE
0;Delaware;2002;806169;DE
0;Delaware;2003;818003;DE
0;Delaware;2004;830803;DE
0;Delaware;2005;845150;DE
0;Delaware;2006;859268;DE
0;Delaware;2007;871749;DE
0;Delaware;2008;883874;DE
0;Delaware;2009;891730;DE
0;Delaware;2010;899647;DE
0;Delaware;2011;907590;DE
0;Delaware;2012;915518;DE
0;Delaware;2013;924062;DE
0;Delaware;2014;933131;DE
0;Delaware;2015;942065;DE
0;Delaware;2016;949989;DE
0;Delaware;2017;957942;DE
0;Delaware;2018;966985;DE
0;Delaware;2019;976668;DE
0;Delaware;2020;991928;DE
0;Delaware;2021;1005062;DE
0;Delaware;2022;1020625;DE
0;Delaware;2023;1036423;DE
0;Delaware;2024;1051917;DE
0;District of Columbia;1990;605321;DC
0;District of Columbia;1991;600870;DC
0;District of Columbia;1992;597567;DC
0;District of Columbia;1993;595302;DC
0;District of Columbia;1994;589240;DC
0;District of Columbia;1995;580519;DC
0;District of Columbia;1996;572379;DC
0;District of Columbia;1997;567739;DC
0;District of Columbia;1998;565232;DC
0;District of Columbia;1999;570220;DC
0;District of Columbia;2000;572046;DC
0;District of Columbia;2001;574504;DC
0;District of Columbia;2002;573158;DC
0;District of Columbia;2003;568502;DC
0;District of Columbia;2004;567754;DC
0;District of Columbia;2005;567136;DC
0;District of Columbia;2006;570681;DC
0;District of Columbia;2007;574404;DC
0;District of Columbia;2008;580236;DC
0;District of Columbia;2009;592228;DC
0;District of Columbia;2010;605282;DC
0;District of Columbia;2011;620290;DC
0;District of Columbia;2012;635737;DC
0;District of Columbia;2013;651559;DC
0;District of Columbia;2014;663603;DC
0;District of Columbia;2015;677014;DC
0;District of Columbia;2016;687576;DC
0;District of Columbia;2017;697079;DC
0;District of Columbia;2018;704147;DC
0;District of Columbia;2019;708253;DC
0;District of Columbia;2020;670917;DC
0;District of Columbia;2021;669256;DC
0;District of Columbia;2022;676725;DC
0;District of Columbia;2023;687324;DC
0;District of Columbia;2024;702250;DC
0;Florida;1990;13033307;FL
0;Florida;1991;13369798;FL
0;Florida;1992;13650553;FL
0;Florida;1993;13927185;FL
0;Florida;1994;14239444;FL
0;Florida;1995;14537875;FL
0;Florida;1996;14853360;FL
0;Florida;1997;15186304;FL
0;Florida;1998;15486559;FL
0;Florida;1999;15759421;FL
0;Florida;2000;16047515;FL
0;Florida;2001;16356966;FL
0;Florida;2002;16689370;FL
0;Florida;2003;17004085;FL
0;Florida;2004;17415318;FL
0;Florida;2005;17842038;FL
0;Florida;2006;18166990;FL
0;Florida;2007;18367842;FL
0;Florida;2008;18527305;FL
0;Florida;2009;18652644;FL
0;Florida;2010;18846143;FL
0;Florida;2011;19055607;FL
0;Florida;2012;19302016;FL
0;Florida;2013;19551678;FL
0;Florida;2014;19853880;FL
0;Florida;2015;20219111;FL
0;Florida;2016;20627237;FL
0;Florida;2017;20977089;FL
0;Florida;2018;21254926;FL
0;Florida;2019;21492056;FL
0;Florida;2020;21592035;FL
0;Florida;2021;21831949;FL
0;Florida;2022;22379312;FL
0;Florida;2023;22904868;FL
0;Florida;2024;23372215;FL
0;Georgia;1990;6512602;GA
0;Georgia;1991;6653005;GA
0;Georgia;1992;6817203;GA
0;Georgia;1993;6978240;GA
0;Georgia;1994;7157165;GA
0;Georgia;1995;7328413;GA
0;Georgia;1996;7501069;GA
0;Georgia;1997;7685099;GA
0;Georgia;1998;7863536;GA
0;Georgia;1999;8045965;GA
0;Georgia;2000;8227303;GA
0;Georgia;2001;8377038;GA
0;Georgia;2002;8508256;GA
0;Georgia;2003;8622793;GA
0;Georgia;2004;8769252;GA
0;Georgia;2005;8925922;GA
0;Georgia;2006;9155813;GA
0;Georgia;2007;9349988;GA
0;Georgia;2008;9504843;GA
0;Georgia;2009;9620846;GA
0;Georgia;2010;9712209;GA
0;Georgia;2011;9803630;GA
0;Georgia;2012;9903580;GA
0;Georgia;2013;9975592;GA
0;Georgia;2014;10071204;GA
0;Georgia;2015;10183353;GA
0;Georgia;2016;10308442;GA
0;Georgia;2017;10417031;GA
0;Georgia;2018;10519389;GA
0;Georgia;2019;10628020;GA
0;Georgia;2020;10732888;GA
0;Georgia;2021;10792060;GA
0;Georgia;2022;10931805;GA
0;Georgia;2023;11064432;GA
0;Georgia;2024;11180878;GA
0;Hawaii;1990;1113491;HI
0;Hawaii;1991;1136754;HI
0;Hawaii;1992;1158613;HI
0;Hawaii;1993;1172838;HI
0;Hawaii;1994;1187536;HI
0;Hawaii;1995;1196854;HI
0;Hawaii;1996;1203755;HI
0;Hawaii;1997;1211640;HI
0;Hawaii;1998;1215233;HI
0;Hawaii;1999;1210300;HI
0;Hawaii;2000;1213519;HI
0;Hawaii;2001;1225948;HI
0;Hawaii;2002;1239613;HI
0;Hawaii;2003;1251154;HI
0;Hawaii;2004;1273569;HI
0;Hawaii;2005;1292729;HI
0;Hawaii;2006;1309731;HI
0;Hawaii;2007;1315675;HI
0;Hawaii;2008;1332213;HI
0;Hawaii;2009;1346717;HI
0;Hawaii;2010;1364004;HI
0;Hawaii;2011;1379562;HI
0;Hawaii;2012;1395199;HI
0;Hawaii;2013;1408822;HI
0;Hawaii;2014;1415335;HI
0;Hawaii;2015;1422999;HI
0;Hawaii;2016;1428885;HI
0;Hawaii;2017;1425763;HI
0;Hawaii;2018;1423102;HI
0;Hawaii;2019;1415615;HI
0;Hawaii;2020;1451252;HI
0;Hawaii;2021;1447029;HI
0;Hawaii;2022;1440359;HI
0;Hawaii;2023;1441387;HI
0;Hawaii;2024;1446146;HI
0;Idaho;1990;1012384;ID
0;Idaho;1991;1041316;ID
0;Idaho;1992;1071685;ID
0;Idaho;1993;1108768;ID
0;Idaho;1994;1145140;ID
0;Idaho;1995;1177322;ID
0;Idaho;1996;1203083;ID
0;Idaho;1997;1228520;ID
0;Idaho;1998;1252330;ID
0;Idaho;1999;1275674;ID
0;Idaho;2000;1299430;ID
0;Idaho;2001;1319962;ID
0;Idaho;2002;1340372;ID
0;Idaho;2003;1363380;ID
0;Idaho;2004;1391802;ID
0;Idaho;2005;1428241;ID
0;Idaho;2006;1468669;ID
0;Idaho;2007;1505105;ID
0;Idaho;2008;1534320;ID
0;Idaho;2009;1554439;ID
0;Idaho;2010;1570819;ID
0;Idaho;2011;1584272;ID
0;Idaho;2012;1595910;ID
0;Idaho;2013;1612053;ID
0;Idaho;2014;1632248;ID
0;Idaho;2015;1652495;ID
0;Idaho;2016;1684036;ID
0;Idaho;2017;1719745;ID
0;Idaho;2018;1752074;ID
0;Idaho;2019;1789060;ID
0;Idaho;2020;1849415;ID
0;Idaho;2021;1904848;ID
0;Idaho;2022;1944299;ID
0;Idaho;2023;1971122;ID
0;Idaho;2024;2001619;ID
0;Illinois;1990;11453316;IL
0;Illinois;1991;11568964;IL
0;Illinois;1992;11694184;IL
0;Illinois;1993;11809579;IL
0;Illinois;1994;11912585;IL
0;Illinois;1995;12008437;IL
0;Illinois;1996;12101997;IL
0;Illinois;1997;12185715;IL
0;Illinois;1998;12271847;IL
0;Illinois;1999;12359020;IL
0;Illinois;2000;12434161;IL
0;Illinois;2001;12488445;IL
0;Illinois;2002;12525556;IL
0;Illinois;2003;12556006;IL
0;Illinois;2004;12589773;IL
0;Illinois;2005;12609903;IL
0;Illinois;2006;12643955;IL
0;Illinois;2007;12695866;IL
0;Illinois;2008;12747038;IL
0;Illinois;2009;12796778;IL
0;Illinois;2010;12840545;IL
0;Illinois;2011;12867783;IL
0;Illinois;2012;12883029;IL
0;Illinois;2013;12895778;IL
0;Illinois;2014;12885092;IL
0;Illinois;2015;12859585;IL
0;Illinois;2016;12821709;IL
0;Illinois;2017;12779893;IL
0;Illinois;2018;12724685;IL
0;Illinois;2019;12667017;IL
0;Illinois;2020;12799088;IL
0;Illinois;2021;12700641;IL
0;Illinois;2022;12621821;IL
0;Illinois;2023;12642259;IL
0;Illinois;2024;12710158;IL
0;Indiana;1990;5557798;IN
0;Indiana;1991;5616388;IN
0;Indiana;1992;5674547;IN
0;Indiana;1993;5739019;IN
0;Indiana;1994;5793526;IN
0;Indiana;1995;5851459;IN
0;Indiana;1996;5906013;IN
0;Indiana;1997;5955267;IN
0;Indiana;1998;5998881;IN
0;Indiana;1999;6044970;IN
0;Indiana;2000;6091866;IN
0;Indiana;2001;6127760;IN
0;Indiana;2002;6155967;IN
0;Indiana;2003;6196638;IN
0;Indiana;2004;6233007;IN
0;Indiana;2005;6278616;IN
0;Indiana;2006;6332669;IN
0;Indiana;2007;6379599;IN
0;Indiana;2008;6424806;IN
0;Indiana;2009;6459325;IN
0;Indiana;2010;6490555;IN
0;Indiana;2011;6517250;IN
0;Indiana;2012;6538989;IN
0;Indiana;2013;6570575;IN
0;Indiana;2014;6596019;IN
0;Indiana;2015;6611442;IN
0;Indiana;2016;6637898;IN
0;Indiana;2017;6662068;IN
0;Indiana;2018;6698481;IN
0;Indiana;2019;6731010;IN
0;Indiana;2020;6790497;IN
0;Indiana;2021;6815907;IN
0;Indiana;2022;6844545;IN
0;Indiana;2023;6880131;IN
0;Indiana;2024;6924275;IN
0;Iowa;1990;2781018;IA
0;Iowa;1991;2797613;IA
0;Iowa;1992;2818401;IA
0;Iowa;1993;2836972;IA
0;Iowa;1994;2850746;IA
0;Iowa;1995;2867373;IA
0;Iowa;1996;2880001;IA
0;Iowa;1997;2891119;IA
0;Iowa;1998;2902872;IA
0;Iowa;1999;2917634;IA
0;Iowa;2000;2929067;IA
0;Iowa;2001;2931997;IA
0;Iowa;2002;2934234;IA
0;Iowa;2003;2941999;IA
0;Iowa;2004;2953635;IA
0;Iowa;2005;2964454;IA
0;Iowa;2006;2982644;IA
0;Iowa;2007;2999212;IA
0;Iowa;2008;3016734;IA
0;Iowa;2009;3032870;IA
0;Iowa;2010;3050819;IA
0;Iowa;2011;3066772;IA
0;Iowa;2012;3076844;IA
0;Iowa;2013;3093935;IA
0;Iowa;2014;3110643;IA
0;Iowa;2015;3122541;IA
0;Iowa;2016;3133210;IA
0;Iowa;2017;3143734;IA
0;Iowa;2018;3149900;IA
0;Iowa;2019;3159596;IA
0;Iowa;2020;3191141;IA
0;Iowa;2021;3198613;IA
0;Iowa;2022;3202820;IA
0;Iowa;2023;3218414;IA
0;Iowa;2024;3241488;IA
0;Kansas;1990;2481349;KS
0;Kansas;1991;2498722;KS
0;Kansas;1992;2532395;KS
0;Kansas;1993;2556547;KS
0;Kansas;1994;2580513;KS
0;Kansas;1995;2601008;KS
0;Kansas;1996;2614554;KS
0;Kansas;1997;2635292;KS
0;Kansas;1998;2660598;KS
0;Kansas;1999;2678338;KS
0;Kansas;2000;2693681;KS
0;Kansas;2001;2702162;KS
0;Kansas;2002;2713535;KS
0;Kansas;2003;2723004;KS
0;Kansas;2004;2734373;KS
0;Kansas;2005;2745299;KS
0;Kansas;2006;2762931;KS
0;Kansas;2007;2783785;KS
0;Kansas;2008;2808076;KS
0;Kansas;2009;2832704;KS
0;Kansas;2010;2858266;KS
0;Kansas;2011;2869677;KS
0;Kansas;2012;2886024;KS
0;Kansas;2013;2894306;KS
0;Kansas;2014;2901861;KS
0;Kansas;2015;2910717;KS
0;Kansas;2016;2912977;KS
0;Kansas;2017;2910892;KS
0;Kansas;2018;2912748;KS
0;Kansas;2019;2912635;KS
0;Kansas;2020;2938172;KS
0;Kansas;2021;2938338;KS
0;Kansas;2022;2937324;KS
0;Kansas;2023;2951500;KS
0;Kansas;2024;2970606;KS
0;Kentucky;1990;3694048;KY
0;Kentucky;1991;3722328;KY
0;Kentucky;1992;3765469;KY
0;Kentucky;1993;3812206;KY
0;Kentucky;1994;3849088;KY
0;Kentucky;1995;3887427;KY
0;Kentucky;1996;3919536;KY
0;Kentucky;1997;3952747;KY
0;Kentucky;1998;3985391;KY
0;Kentucky;1999;4018053;KY
0;Kentucky;2000;4049021;KY
0;Kentucky;2001;4068132;KY
0;Kentucky;2002;4089875;KY
0;Kentucky;2003;4117170;KY
0;Kentucky;2004;4146101;KY
0;Kentucky;2005;4182742;KY
0;Kentucky;2006;4219239;KY
0;Kentucky;2007;4256672;KY
0;Kentucky;2008;4289878;KY
0;Kentucky;2009;4317074;KY
0;Kentucky;2010;4348464;KY
0;Kentucky;2011;4370817;KY
0;Kentucky;2012;4387865;KY
0;Kentucky;2013;4406906;KY
0;Kentucky;2014;4416992;KY
0;Kentucky;2015;4429126;KY
0;Kentucky;2016;4440306;KY
0;Kentucky;2017;4455590;KY
0;Kentucky;2018;4464273;KY
0;Kentucky;2019;4472345;KY
0;Kentucky;2020;4508318;KY
0;Kentucky;2021;4507583;KY
0;Kentucky;2022;4519233;KY
0;Kentucky;2023;4550595;KY
0;Kentucky;2024;4588372;KY
0;Louisiana;1990;4221532;LA
0;Louisiana;1991;4253279;LA
0;Louisiana;1992;4293003;LA
0;Louisiana;1993;4316428;LA
0;Louisiana;1994;4347481;LA
0;Louisiana;1995;4378779;LA
0;Louisiana;1996;4398877;LA
0;Louisiana;1997;4421072;LA
0;Louisiana;1998;4440344;LA
0;Louisiana;1999;4460811;LA
0;Louisiana;2000;4471885;LA
0;Louisiana;2001;4477875;LA
0;Louisiana;2002;4497267;LA
0;Louisiana;2003;4521042;LA
0;Louisiana;2004;4552238;LA
0;Louisiana;2005;4576628;LA
0;Louisiana;2006;4302665;LA
0;Louisiana;2007;4375581;LA
0;Louisiana;2008;4435586;LA
0;Louisiana;2009;4491648;LA
0;Louisiana;2010;4544635;LA
0;Louisiana;2011;4576244;LA
0;Louisiana;2012;4602067;LA
0;Louisiana;2013;4626040;LA
0;Louisiana;2014;4645938;LA
0;Louisiana;2015;4666998;LA
0;Louisiana;2016;4681346;LA
0;Louisiana;2017;4673673;LA
0;Louisiana;2018;4664450;LA
0;Louisiana;2019;4658285;LA
0;Louisiana;2020;4652301;LA
0;Louisiana;2021;4627971;LA
0;Louisiana;2022;4593687;LA
0;Louisiana;2023;4588071;LA
0;Louisiana;2024;4597740;LA
0;Maine;1990;1231719;ME
0;Maine;1991;1237081;ME
0;Maine;1992;1238508;ME
0;Maine;1993;1242302;ME
0;Maine;1994;1242662;ME
0;Maine;1995;1243481;ME
0;Maine;1996;1249060;ME
0;Maine;1997;1254774;ME
0;Maine;1998;1259127;ME
0;Maine;1999;1266808;ME
0;Maine;2000;1277072;ME
0;Maine;2001;1285692;ME
0;Maine;2002;1295960;ME
0;Maine;2003;1306513;ME
0;Maine;2004;1313688;ME
0;Maine;2005;1318787;ME
0;Maine;2006;1323619;ME
0;Maine;2007;1327040;ME
0;Maine;2008;1330509;ME
0;Maine;2009;1329590;ME
0;Maine;2010;1327651;ME
0;Maine;2011;1328473;ME
0;Maine;2012;1328094;ME
0;Maine;2013;1328543;ME
0;Maine;2014;1331217;ME
0;Maine;2015;1329098;ME
0;Maine;2016;1332348;ME
0;Maine;2017;1335743;ME
0;Maine;2018;1340123;ME
0;Maine;2019;1345770;ME
0;Maine;2020;1364571;ME
0;Maine;2021;1378931;ME
0;Maine;2022;1390922;ME
0;Maine;2023;1399646;ME
0;Maine;2024;1405012;ME
0;Maryland;1990;4799770;MD
0;Maryland;1991;4867641;MD
0;Maryland;1992;4923369;MD
0;Maryland;1993;4971889;MD
0;Maryland;1994;5023060;MD
0;Maryland;1995;5070033;MD
0;Maryland;1996;5111986;MD
0;Maryland;1997;5157328;MD
0;Maryland;1998;5204464;MD
0;Maryland;1999;5254509;MD
0;Maryland;2000;5311034;MD
0;Maryland;2001;5374691;MD
0;Maryland;2002;5440389;MD
0;Maryland;2003;5496269;MD
0;Maryland;2004;5546935;MD
0;Maryland;2005;5592379;MD
0;Maryland;2006;5627367;MD
0;Maryland;2007;5653408;MD
0;Maryland;2008;5684965;MD
0;Maryland;2009;5730388;MD
0;Maryland;2010;5788784;MD
0;Maryland;2011;5840241;MD
0;Maryland;2012;5888375;MD
0;Maryland;2013;5925197;MD
0;Maryland;2014;5960064;MD
0;Maryland;2015;5988528;MD
0;Maryland;2016;6007014;MD
0;Maryland;2017;6028186;MD
0;Maryland;2018;6042153;MD
0;Maryland;2019;6054954;MD
0;Maryland;2020;6177935;MD
0;Maryland;2021;6179403;MD
0;Maryland;2022;6192440;MD
0;Maryland;2023;6217062;MD
0;Maryland;2024;6263220;MD
0;Massachusetts;1990;6022639;MA
0;Massachusetts;1991;6018470;MA
0;Massachusetts;1992;6028709;MA
0;Massachusetts;1993;6060569;MA
0;Massachusetts;1994;6095241;MA
0;Massachusetts;1995;6141445;MA
0;Massachusetts;1996;6179756;MA
0;Massachusetts;1997;6226058;MA
0;Massachusetts;1998;6271838;MA
0;Massachusetts;1999;6317345;MA
0;Massachusetts;2000;6361104;MA
0;Massachusetts;2001;6397634;MA
0;Massachusetts;2002;6417206;MA
0;Massachusetts;2003;6422565;MA
0;Massachusetts;2004;6412281;MA
0;Massachusetts;2005;6403290;MA
0;Massachusetts;2006;6410084;MA
0;Massachusetts;2007;6431559;MA
0;Massachusetts;2008;6468967;MA
0;Massachusetts;2009;6517613;MA
0;Massachusetts;2010;6566440;MA
0;Massachusetts;2011;6614218;MA
0;Massachusetts;2012;6664269;MA
0;Massachusetts;2013;6715158;MA
0;Massachusetts;2014;6764864;MA
0;Massachusetts;2015;6797484;MA
0;Massachusetts;2016;6827280;MA
0;Massachusetts;2017;6863560;MA
0;Massachusetts;2018;6885720;MA
0;Massachusetts;2019;6894883;MA
0;Massachusetts;2020;6994598;MA
0;Massachusetts;2021;7000474;MA
0;Massachusetts;2022;7022468;MA
0;Massachusetts;2023;7066568;MA
0;Massachusetts;2024;7136171;MA
0;Michigan;1990;9311319;MI
0;Michigan;1991;9400446;MI
0;Michigan;1992;9479065;MI
0;Michigan;1993;9540114;MI
0;Michigan;1994;9597737;MI
0;Michigan;1995;9676211;MI
0;Michigan;1996;9758645;MI
0;Michigan;1997;9809051;MI
0;Michigan;1998;9847942;MI
0;Michigan;1999;9897116;MI
0;Michigan;2000;9952450;MI
0;Michigan;2001;9991120;MI
0;Michigan;2002;10015710;MI
0;Michigan;2003;10041152;MI
0;Michigan;2004;10055315;MI
0;Michigan;2005;10051137;MI
0;Michigan;2006;10036081;MI
0;Michigan;2007;10001284;MI
0;Michigan;2008;9946889;MI
0;Michigan;2009;9901591;MI
0;Michigan;2010;9877597;MI
0;Michigan;2011;9883053;MI
0;Michigan;2012;9898289;MI
0;Michigan;2013;9914802;MI
0;Michigan;2014;9932033;MI
0;Michigan;2015;9934483;MI
0;Michigan;2016;9954117;MI
0;Michigan;2017;9976752;MI
0;Michigan;2018;9987286;MI
0;Michigan;2019;9984795;MI
0;Michigan;2020;10072703;MI
0;Michigan;2021;10041351;MI
0;Michigan;2022;10050877;MI
0;Michigan;2023;10083356;MI
0;Michigan;2024;10140459;MI
0;Minnesota;1990;4389857;MN
0;Minnesota;1991;4440859;MN
0;Minnesota;1992;4495572;MN
0;Minnesota;1993;4555956;MN
0;Minnesota;1994;4610355;MN
0;Minnesota;1995;4660180;MN
0;Minnesota;1996;4712827;MN
0;Minnesota;1997;4763390;MN
0;Minnesota;1998;4813412;MN
0;Minnesota;1999;4873481;MN
0;Minnesota;2000;4933692;MN
0;Minnesota;2001;4982796;MN
0;Minnesota;2002;5018935;MN
0;Minnesota;2003;5053572;MN
0;Minnesota;2004;5087713;MN
0;Minnesota;2005;5119598;MN
0;Minnesota;2006;5163555;MN
0;Minnesota;2007;5207203;MN
0;Minnesota;2008;5247018;MN
0;Minnesota;2009;5281203;MN
0;Minnesota;2010;5310934;MN
0;Minnesota;2011;5346620;MN
0;Minnesota;2012;5377500;MN
0;Minnesota;2013;5414722;MN
0;Minnesota;2014;5452665;MN
0;Minnesota;2015;5484002;MN
0;Minnesota;2016;5525360;MN
0;Minnesota;2017;5569283;MN
0;Minnesota;2018;5608762;MN
0;Minnesota;2019;5640053;MN
0;Minnesota;2020;5710735;MN
0;Minnesota;2021;5718660;MN
0;Minnesota;2022;5721621;MN
0;Minnesota;2023;5753048;MN
0;Minnesota;2024;5793151;MN
0;Mississippi;1990;2578897;MS
0;Mississippi;1991;2598733;MS
0;Mississippi;1992;2623734;MS
0;Mississippi;1993;2655100;MS
0;Mississippi;1994;2688992;MS
0;Mississippi;1995;2722659;MS
0;Mississippi;1996;2748085;MS
0;Mississippi;1997;2777004;MS
0;Mississippi;1998;2804834;MS
0;Mississippi;1999;2828408;MS
0;Mississippi;2000;2848353;MS
0;Mississippi;2001;2852994;MS
0;Mississippi;2002;2858681;MS
0;Mississippi;2003;2868312;MS
0;Mississippi;2004;2889010;MS
0;Mississippi;2005;2905943;MS
0;Mississippi;2006;2904978;MS
0;Mississippi;2007;2928350;MS
0;Mississippi;2008;2947806;MS
0;Mississippi;2009;2958774;MS
0;Mississippi;2010;2970615;MS
0;Mississippi;2011;2979147;MS
0;Mississippi;2012;2984599;MS
0;Mississippi;2013;2989839;MS
0;Mississippi;2014;2991892;MS
0;Mississippi;2015;2990231;MS
0;Mississippi;2016;2990595;MS
0;Mississippi;2017;2990674;MS
0;Mississippi;2018;2982879;MS
0;Mississippi;2019;2978227;MS
0;Mississippi;2020;2958536;MS
0;Mississippi;2021;2947209;MS
0;Mississippi;2022;2941939;MS
0;Mississippi;2023;2943172;MS
0;Mississippi;2024;2943045;MS
0;Missouri;1990;5128880;MO
0;Missouri;1991;5170800;MO
0;Missouri;1992;5217101;MO
0;Missouri;1993;5271175;MO
0;Missouri;1994;5324497;MO
0;Missouri;1995;5378247;MO
0;Missouri;1996;5431553;MO
0;Missouri;1997;5481193;MO
0;Missouri;1998;5521765;MO
0;Missouri;1999;5561948;MO
0;Missouri;2000;5607285;MO
0;Missouri;2001;5641142;MO
0;Missouri;2002;5674825;MO
0;Missouri;2003;5709403;MO
0;Missouri;2004;5747741;MO
0;Missouri;2005;5790300;MO
0;Missouri;2006;5842704;MO
0;Missouri;2007;5887612;MO
0;Missouri;2008;5923916;MO
0;Missouri;2009;5961088;MO
0;Missouri;2010;5996089;MO
0;Missouri;2011;6011182;MO
0;Missouri;2012;6026027;MO
0;Missouri;2013;6042989;MO
0;Missouri;2014;6059130;MO
0;Missouri;2015;6075411;MO
0;Missouri;2016;6091384;MO
0;Missouri;2017;6111382;MO
0;Missouri;2018;6125986;MO
0;Missouri;2019;6140475;MO
0;Missouri;2020;6154744;MO
0;Missouri;2021;6171374;MO
0;Missouri;2022;6179414;MO
0;Missouri;2023;6208038;MO
0;Missouri;2024;6245466;MO
0;Montana;1990;800204;MT
0;Montana;1991;809680;MT
0;Montana;1992;825770;MT
0;Montana;1993;844761;MT
0;Montana;1994;861306;MT
0;Montana;1995;876553;MT
0;Montana;1996;886254;MT
0;Montana;1997;889865;MT
0;Montana;1998;892431;MT
0;Montana;1999;897508;MT
0;Montana;2000;903773;MT
0;Montana;2001;906961;MT
0;Montana;2002;911667;MT
0;Montana;2003;919630;MT
0;Montana;2004;930009;MT
0;Montana;2005;940102;MT
0;Montana;2006;952692;MT
0;Montana;2007;964706;MT
0;Montana;2008;976415;MT
0;Montana;2009;983982;MT
0;Montana;2010;990730;MT
0;Montana;2011;997518;MT
0;Montana;2012;1004168;MT
0;Montana;2013;1014158;MT
0;Montana;2014;1022657;MT
0;Montana;2015;1031495;MT
0;Montana;2016;1042137;MT
0;Montana;2017;1053862;MT
0;Montana;2018;1061818;MT
0;Montana;2019;1070123;MT
0;Montana;2020;1087230;MT
0;Montana;2021;1106522;MT
0;Montana;2022;1122095;MT
0;Montana;2023;1131302;MT
0;Montana;2024;1137233;MT
0;Nebraska;1990;1581660;NE
0;Nebraska;1991;1595919;NE
0;Nebraska;1992;1611687;NE
0;Nebraska;1993;1625590;NE
0;Nebraska;1994;1639041;NE
0;Nebraska;1995;1656993;NE
0;Nebraska;1996;1673740;NE
0;Nebraska;1997;1686418;NE
0;Nebraska;1998;1695817;NE
0;Nebraska;1999;1704764;NE
0;Nebraska;2000;1713820;NE
0;Nebraska;2001;1719836;NE
0;Nebraska;2002;1728292;NE
0;Nebraska;2003;1738643;NE
0;Nebraska;2004;1749370;NE
0;Nebraska;2005;1761497;NE
0;Nebraska;2006;1772693;NE
0;Nebraska;2007;1783440;NE
0;Nebraska;2008;1796378;NE
0;Nebraska;2009;1812683;NE
0;Nebraska;2010;1829591;NE
0;Nebraska;2011;1840914;NE
0;Nebraska;2012;1853691;NE
0;Nebraska;2013;1865813;NE
0;Nebraska;2014;1879955;NE
0;Nebraska;2015;1892059;NE
0;Nebraska;2016;1906483;NE
0;Nebraska;2017;1916998;NE
0;Nebraska;2018;1925512;NE
0;Nebraska;2019;1932571;NE
0;Nebraska;2020;1963387;NE
0;Nebraska;2021;1964537;NE
0;Nebraska;2022;1972246;NE
0;Nebraska;2023;1987864;NE
0;Nebraska;2024;2005465;NE
0;Nevada;1990;1220695;NV
0;Nevada;1991;1296172;NV
0;Nevada;1992;1351367;NV
0;Nevada;1993;1411215;NV
0;Nevada;1994;1499298;NV
0;Nevada;1995;1581578;NV
0;Nevada;1996;1666320;NV
0;Nevada;1997;1764104;NV
0;Nevada;1998;1853192;NV
0;Nevada;1999;1934718;NV
0;Nevada;2000;2018741;NV
0;Nevada;2001;2098399;NV
0;Nevada;2002;2173791;NV
0;Nevada;2003;2248850;NV
0;Nevada;2004;2346222;NV
0;Nevada;2005;2432143;NV
0;Nevada;2006;2522658;NV
0;Nevada;2007;2601072;NV
0;Nevada;2008;2653630;NV
0;Nevada;2009;2684665;NV
0;Nevada;2010;2702483;NV
0;Nevada;2011;2713114;NV
0;Nevada;2012;2744670;NV
0;Nevada;2013;2776956;NV
0;Nevada;2014;2818935;NV
0;Nevada;2015;2868531;NV
0;Nevada;2016;2919555;NV
0;Nevada;2017;2972097;NV
0;Nevada;2018;3030725;NV
0;Nevada;2019;3090771;NV
0;Nevada;2020;3116967;NV
0;Nevada;2021;3148141;NV
0;Nevada;2022;3176116;NV
0;Nevada;2023;3214363;NV
0;Nevada;2024;3267467;NV
0;New Hampshire;1990;1112384;NH
0;New Hampshire;1991;1109929;NH
0;New Hampshire;1992;1117785;NH
0;New Hampshire;1993;1129458;NH
0;New Hampshire;1994;1142561;NH
0;New Hampshire;1995;1157561;NH
0;New Hampshire;1996;1174719;NH
0;New Hampshire;1997;1189425;NH
0;New Hampshire;1998;1205941;NH
0;New Hampshire;1999;1222015;NH
0;New Hampshire;2000;1239882;NH
0;New Hampshire;2001;1255517;NH
0;New Hampshire;2002;1269089;NH
0;New Hampshire;2003;1279840;NH
0;New Hampshire;2004;1290121;NH
0;New Hampshire;2005;1298492;NH
0;New Hampshire;2006;1308389;NH
0;New Hampshire;2007;1312540;NH
0;New Hampshire;2008;1315906;NH
0;New Hampshire;2009;1316102;NH
0;New Hampshire;2010;1316807;NH
0;New Hampshire;2011;1320444;NH
0;New Hampshire;2012;1324677;NH
0;New Hampshire;2013;1327272;NH
0;New Hampshire;2014;1334257;NH
0;New Hampshire;2015;1337480;NH
0;New Hampshire;2016;1343694;NH
0;New Hampshire;2017;1350395;NH
0;New Hampshire;2018;1355064;NH
0;New Hampshire;2019;1360783;NH
0;New Hampshire;2020;1378756;NH
0;New Hampshire;2021;1387677;NH
0;New Hampshire;2022;1396678;NH
0;New Hampshire;2023;1402199;NH
0;New Hampshire;2024;1409032;NH
0;New Jersey;1990;7762963;NJ
0;New Jersey;1991;7814676;NJ
0;New Jersey;1992;7880508;NJ
0;New Jersey;1993;7948915;NJ
0;New Jersey;1994;8014306;NJ
0;New Jersey;1995;8083242;NJ
0;New Jersey;1996;8149596;NJ
0;New Jersey;1997;8218808;NJ
0;New Jersey;1998;8287418;NJ
0;New Jersey;1999;8359592;NJ
0;New Jersey;2000;8430621;NJ
0;New Jersey;2001;8492671;NJ
0;New Jersey;2002;8552643;NJ
0;New Jersey;2003;8601402;NJ
0;New Jersey;2004;8634561;NJ
0;New Jersey;2005;8651974;NJ
0;New Jersey;2006;8661679;NJ
0;New Jersey;2007;8677885;NJ
0;New Jersey;2008;8711090;NJ
0;New Jersey;2009;8755602;NJ
0;New Jersey;2010;8799451;NJ
0;New Jersey;2011;8828552;NJ
0;New Jersey;2012;8845671;NJ
0;New Jersey;2013;8857821;NJ
0;New Jersey;2014;8867277;NJ
0;New Jersey;2015;8870312;NJ
0;New Jersey;2016;8873584;NJ
0;New Jersey;2017;8888147;NJ
0;New Jersey;2018;8891730;NJ
0;New Jersey;2019;8891258;NJ
0;New Jersey;2020;9272794;NJ
0;New Jersey;2021;9270541;NJ
0;New Jersey;2022;9295227;NJ
0;New Jersey;2023;9379642;NJ
0;New Jersey;2024;9500851;NJ
0;New Mexico;1990;1521574;NM
0;New Mexico;1991;1555305;NM
0;New Mexico;1992;1595442;NM
0;New Mexico;1993;1636453;NM
0;New Mexico;1994;1682398;NM
0;New Mexico;1995;1720394;NM
0;New Mexico;1996;1752326;NM
0;New Mexico;1997;1774839;NM
0;New Mexico;1998;1793484;NM
0;New Mexico;1999;1808082;NM
0;New Mexico;2000;1821204;NM
0;New Mexico;2001;1831690;NM
0;New Mexico;2002;1855309;NM
0;New Mexico;2003;1877574;NM
0;New Mexico;2004;1903808;NM
0;New Mexico;2005;1932274;NM
0;New Mexico;2006;1962137;NM
0;New Mexico;2007;1990070;NM
0;New Mexico;2008;2010662;NM
0;New Mexico;2009;2036802;NM
0;New Mexico;2010;2064614;NM
0;New Mexico;2011;2080707;NM
0;New Mexico;2012;2087715;NM
0;New Mexico;2013;2092833;NM
0;New Mexico;2014;2090236;NM
0;New Mexico;2015;2090071;NM
0;New Mexico;2016;2092555;NM
0;New Mexico;2017;2092844;NM
0;New Mexico;2018;2093754;NM
0;New Mexico;2019;2099634;NM
0;New Mexico;2020;2118606;NM
0;New Mexico;2021;2117333;NM
0;New Mexico;2022;2113868;NM
0;New Mexico;2023;2121164;NM
0;New Mexico;2024;2130256;NM
0;New York;1990;18020784;NY
0;New York;1991;18122510;NY
0;New York;1992;18246653;NY
0;New York;1993;18374954;NY
0;New York;1994;18459470;NY
0;New York;1995;18524104;NY
0;New York;1996;18588460;NY
0;New York;1997;18656546;NY
0;New York;1998;18755906;NY
0;New York;1999;18882725;NY
0;New York;2000;19001780;NY
0;New York;2001;19082838;NY
0;New York;2002;19137800;NY
0;New York;2003;19175939;NY
0;New York;2004;19171567;NY
0;New York;2005;19132610;NY
0;New York;2006;19104631;NY
0;New York;2007;19132335;NY
0;New York;2008;19212436;NY
0;New York;2009;19307066;NY
0;New York;2010;19399956;NY
0;New York;2011;19499921;NY
0;New York;2012;19574362;NY
0;New York;2013;19626488;NY
0;New York;2014;19653431;NY
0;New York;2015;19657321;NY
0;New York;2016;19636391;NY
0;New York;2017;19593849;NY
0;New York;2018;19544098;NY
0;New York;2019;19463131;NY
0;New York;2020;20105171;NY
0;New York;2021;19848276;NY
0;New York;2022;19703747;NY
0;New York;2023;19737367;NY
0;New York;2024;19867248;NY
0;North Carolina;1990;6664016;NC
0;North Carolina;1991;6784280;NC
0;North Carolina;1992;6897214;NC
0;North Carolina;1993;7042818;NC
0;North Carolina;1994;7187398;NC
0;North Carolina;1995;7344674;NC
0;North Carolina;1996;7500670;NC
0;North Carolina;1997;7656825;NC
0;North Carolina;1998;7809122;NC
0;North Carolina;1999;7949362;NC
0;North Carolina;2000;8081614;NC
0;North Carolina;2001;8210122;NC
0;North Carolina;2002;8326201;NC
0;North Carolina;2003;8422501;NC
0;North Carolina;2004;8553152;NC
0;North Carolina;2005;8705407;NC
0;North Carolina;2006;8917270;NC
0;North Carolina;2007;9118037;NC
0;North Carolina;2008;9309449;NC
0;North Carolina;2009;9449566;NC
0;North Carolina;2010;9574586;NC
0;North Carolina;2011;9658913;NC
0;North Carolina;2012;9751810;NC
0;North Carolina;2013;9846717;NC
0;North Carolina;2014;9937295;NC
0;North Carolina;2015;10037218;NC
0;North Carolina;2016;10161802;NC
0;North Carolina;2017;10275758;NC
0;North Carolina;2018;10391358;NC
0;North Carolina;2019;10501384;NC
0;North Carolina;2020;10449652;NC
0;North Carolina;2021;10564320;NC
0;North Carolina;2022;10710793;NC
0;North Carolina;2023;10881189;NC
0;North Carolina;2024;11046024;NC
0;North Dakota;1990;637685;ND
0;North Dakota;1991;635753;ND
0;North Dakota;1992;638223;ND
0;North Dakota;1993;641216;ND
0;North Dakota;1994;644806;ND
0;North Dakota;1995;647832;ND
0;North Dakota;1996;650382;ND
0;North Dakota;1997;649716;ND
0;North Dakota;1998;647532;ND
0;North Dakota;1999;644259;ND
0;North Dakota;2000;642023;ND
0;North Dakota;2001;639062;ND
0;North Dakota;2002;638168;ND
0;North Dakota;2003;638817;ND
0;North Dakota;2004;644705;ND
0;North Dakota;2005;646089;ND
0;North Dakota;2006;649422;ND
0;North Dakota;2007;652822;ND
0;North Dakota;2008;657569;ND
0;North Dakota;2009;664968;ND
0;North Dakota;2010;674752;ND
0;North Dakota;2011;685526;ND
0;North Dakota;2012;702227;ND
0;North Dakota;2013;723149;ND
0;North Dakota;2014;738736;ND
0;North Dakota;2015;755537;ND
0;North Dakota;2016;756114;ND
0;North Dakota;2017;756755;ND
0;North Dakota;2018;760062;ND
0;North Dakota;2019;763724;ND
0;North Dakota;2020;779563;ND
0;North Dakota;2021;777966;ND
0;North Dakota;2022;781057;ND
0;North Dakota;2023;789047;ND
0;North Dakota;2024;796568;ND
0;Ohio;1990;10864162;OH
0;Ohio;1991;10945762;OH
0;Ohio;1992;11029431;OH
0;Ohio;1993;11101140;OH
0;Ohio;1994;11152455;OH
0;Ohio;1995;11202751;OH
0;Ohio;1996;11242827;OH
0;Ohio;1997;11277357;OH
0;Ohio;1998;11311536;OH
0;Ohio;1999;11335454;OH
0;Ohio;2000;11363543;OH
0;Ohio;2001;11387404;OH
0;Ohio;2002;11407889;OH
0;Ohio;2003;11434788;OH
0;Ohio;2004;11452251;OH
0;Ohio;2005;11463320;OH
0;Ohio;2006;11481213;OH
0;Ohio;2007;11500468;OH
0;Ohio;2008;11515391;OH
0;Ohio;2009;11528896;OH
0;Ohio;2010;11539449;OH
0;Ohio;2011;11545735;OH
0;Ohio;2012;11550971;OH
0;Ohio;2013;11579692;OH
0;Ohio;2014;11606573;OH
0;Ohio;2015;11622315;OH
0;Ohio;2016;11640060;OH
0;Ohio;2017;11665706;OH
0;Ohio;2018;11680892;OH
0;Ohio;2019;11696507;OH
0;Ohio;2020;11798905;OH
0;Ohio;2021;11767344;OH
0;Ohio;2022;11777874;OH
0;Ohio;2023;11824034;OH
0;Ohio;2024;11883304;OH
0;Oklahoma;1990;3148825;OK
0;Oklahoma;1991;3175440;OK
0;Oklahoma;1992;3220517;OK
0;Oklahoma;1993;3252285;OK
0;Oklahoma;1994;3280940;OK
0;Oklahoma;1995;3308208;OK
0;Oklahoma;1996;3340129;OK
0;Oklahoma;1997;3372918;OK
0;Oklahoma;1998;3405194;OK
0;Oklahoma;1999;3437148;OK
0;Oklahoma;2000;3454365;OK
0;Oklahoma;2001;3467100;OK
0;Oklahoma;2002;3489080;OK
0;Oklahoma;2003;3504892;OK
0;Oklahoma;2004;3525233;OK
0;Oklahoma;2005;3548597;OK
0;Oklahoma;2006;3594090;OK
0;Oklahoma;2007;3634349;OK
0;Oklahoma;2008;3668976;OK
0;Oklahoma;2009;3717572;OK
0;Oklahoma;2010;3760014;OK
0;Oklahoma;2011;3788824;OK
0;Oklahoma;2012;3819320;OK
0;Oklahoma;2013;3853891;OK
0;Oklahoma;2014;3879187;OK
0;Oklahoma;2015;3910518;OK
0;Oklahoma;2016;3928143;OK
0;Oklahoma;2017;3933602;OK
0;Oklahoma;2018;3943488;OK
0;Oklahoma;2019;3960676;OK
0;Oklahoma;2020;3965415;OK
0;Oklahoma;2021;3992238;OK
0;Oklahoma;2022;4026229;OK
0;Oklahoma;2023;4063882;OK
0;Oklahoma;2024;4095393;OK
0;Oregon;1990;2860375;OR
0;Oregon;1991;2928507;OR
0;Oregon;1992;2991755;OR
0;Oregon;1993;3060367;OR
0;Oregon;1994;3121264;OR
0;Oregon;1995;3184369;OR
0;Oregon;1996;3247111;OR
0;Oregon;1997;3304310;OR
0;Oregon;1998;3352449;OR
0;Oregon;1999;3393941;OR
0;Oregon;2000;3429708;OR
0;Oregon;2001;3467937;OR
0;Oregon;2002;3513424;OR
0;Oregon;2003;3547376;OR
0;Oregon;2004;3569463;OR
0;Oregon;2005;3613202;OR
0;Oregon;2006;3670883;OR
0;Oregon;2007;3722417;OR
0;Oregon;2008;3768748;OR
0;Oregon;2009;3808600;OR
0;Oregon;2010;3837614;OR
0;Oregon;2011;3872672;OR
0;Oregon;2012;3900102;OR
0;Oregon;2013;3924110;OR
0;Oregon;2014;3965447;OR
0;Oregon;2015;4018542;OR
0;Oregon;2016;4093271;OR
0;Oregon;2017;4147294;OR
0;Oregon;2018;4183538;OR
0;Oregon;2019;4216116;OR
0;Oregon;2020;4243779;OR
0;Oregon;2021;4254280;OR
0;Oregon;2022;4247372;OR
0;Oregon;2023;4253653;OR
0;Oregon;2024;4272371;OR
0;Pennsylvania;1990;11903299;PA
0;Pennsylvania;1991;11982164;PA
0;Pennsylvania;1992;12049450;PA
0;Pennsylvania;1993;12119724;PA
0;Pennsylvania;1994;12166050;PA
0;Pennsylvania;1995;12198403;PA
0;Pennsylvania;1996;12220464;PA
0;Pennsylvania;1997;12227814;PA
0;Pennsylvania;1998;12245672;PA
0;Pennsylvania;1999;12263805;PA
0;Pennsylvania;2000;12284173;PA
0;Pennsylvania;2001;12298970;PA
0;Pennsylvania;2002;12331031;PA
0;Pennsylvania;2003;12374658;PA
0;Pennsylvania;2004;12410722;PA
0;Pennsylvania;2005;12449990;PA
0;Pennsylvania;2006;12510809;PA
0;Pennsylvania;2007;12563937;PA
0;Pennsylvania;2008;12612285;PA
0;Pennsylvania;2009;12666858;PA
0;Pennsylvania;2010;12711406;PA
0;Pennsylvania;2011;12747052;PA
0;Pennsylvania;2012;12769123;PA
0;Pennsylvania;2013;12779538;PA
0;Pennsylvania;2014;12792392;PA
0;Pennsylvania;2015;12789838;PA
0;Pennsylvania;2016;12788468;PA
0;Pennsylvania;2017;12794679;PA
0;Pennsylvania;2018;12809107;PA
0;Pennsylvania;2019;12798883;PA
0;Pennsylvania;2020;12996143;PA
0;Pennsylvania;2021;13015571;PA
0;Pennsylvania;2022;12984990;PA
0;Pennsylvania;2023;13017721;PA
0;Pennsylvania;2024;13078751;PA
0;Rhode Island;1990;1005995;RI
0;Rhode Island;1991;1010649;RI
0;Rhode Island;1992;1012581;RI
0;Rhode Island;1993;1015113;RI
0;Rhode Island;1994;1015960;RI
0;Rhode Island;1995;1017002;RI
0;Rhode Island;1996;1020893;RI
0;Rhode Island;1997;1025353;RI
0;Rhode Island;1998;1031155;RI
0;Rhode Island;1999;1040402;RI
0;Rhode Island;2000;1050268;RI
0;Rhode Island;2001;1057142;RI
0;Rhode Island;2002;1065995;RI
0;Rhode Island;2003;1071342;RI
0;Rhode Island;2004;1074579;RI
0;Rhode Island;2005;1067916;RI
0;Rhode Island;2006;1063096;RI
0;Rhode Island;2007;1057315;RI
0;Rhode Island;2008;1055003;RI
0;Rhode Island;2009;1053646;RI
0;Rhode Island;2010;1053994;RI
0;Rhode Island;2011;1053829;RI
0;Rhode Island;2012;1054893;RI
0;Rhode Island;2013;1055560;RI
0;Rhode Island;2014;1056511;RI
0;Rhode Island;2015;1056886;RI
0;Rhode Island;2016;1057816;RI
0;Rhode Island;2017;1056554;RI
0;Rhode Island;2018;1059338;RI
0;Rhode Island;2019;1058158;RI
0;Rhode Island;2020;1096530;RI
0;Rhode Island;2021;1097246;RI
0;Rhode Island;2022;1099498;RI
0;Rhode Island;2023;1103429;RI
0;Rhode Island;2024;1112308;RI
0;South Carolina;1990;3501155;SC
0;South Carolina;1991;3570404;SC
0;South Carolina;1992;3620464;SC
0;South Carolina;1993;3663314;SC
0;South Carolina;1994;3705397;SC
0;South Carolina;1995;3748582;SC
0;South Carolina;1996;3796200;SC
0;South Carolina;1997;3859696;SC
0;South Carolina;1998;3919235;SC
0;South Carolina;1999;3974682;SC
0;South Carolina;2000;4024223;SC
0;South Carolina;2001;4064995;SC
0;South Carolina;2002;4107795;SC
0;South Carolina;2003;4150297;SC
0;South Carolina;2004;4210921;SC
0;South Carolina;2005;4270150;SC
0;South Carolina;2006;4357847;SC
0;South Carolina;2007;4444110;SC
0;South Carolina;2008;4528996;SC
0;South Carolina;2009;4589872;SC
0;South Carolina;2010;4635846;SC
0;South Carolina;2011;4672655;SC
0;South Carolina;2012;4719027;SC
0;South Carolina;2013;4766469;SC
0;South Carolina;2014;4826858;SC
0;South Carolina;2015;4896006;SC
0;South Carolina;2016;4963031;SC
0;South Carolina;2017;5027102;SC
0;South Carolina;2018;5091702;SC
0;South Carolina;2019;5157702;SC
0;South Carolina;2020;5132249;SC
0;South Carolina;2021;5194274;SC
0;South Carolina;2022;5287935;SC
0;South Carolina;2023;5387830;SC
0;South Carolina;2024;5478831;SC
0;South Dakota;1990;697101;SD
0;South Dakota;1991;703669;SD
0;South Dakota;1992;712801;SD
0;South Dakota;1993;722160;SD
0;South Dakota;1994;730790;SD
0;South Dakota;1995;737926;SD
0;South Dakota;1996;742214;SD
0;South Dakota;1997;744223;SD
0;South Dakota;1998;746059;SD
0;South Dakota;1999;750413;SD
0;South Dakota;2000;755844;SD
0;South Dakota;2001;757972;SD
0;South Dakota;2002;760020;SD
0;South Dakota;2003;763729;SD
0;South Dakota;2004;770396;SD
0;South Dakota;2005;775493;SD
0;South Dakota;2006;783033;SD
0;South Dakota;2007;791623;SD
0;South Dakota;2008;799124;SD
0;South Dakota;2009;807067;SD
0;South Dakota;2010;816193;SD
0;South Dakota;2011;823740;SD
0;South Dakota;2012;833859;SD
0;South Dakota;2013;842751;SD
0;South Dakota;2014;849670;SD
0;South Dakota;2015;854663;SD
0;South Dakota;2016;863693;SD
0;South Dakota;2017;873732;SD
0;South Dakota;2018;879386;SD
0;South Dakota;2019;887127;SD
0;South Dakota;2020;887948;SD
0;South Dakota;2021;896492;SD
0;South Dakota;2022;909723;SD
0;South Dakota;2023;918305;SD
0;South Dakota;2024;924669;SD
0;Tennessee;1990;4894492;TN
0;Tennessee;1991;4966587;TN
0;Tennessee;1992;5049742;TN
0;Tennessee;1993;5137584;TN
0;Tennessee;1994;5231438;TN
0;Tennessee;1995;5326936;TN
0;Tennessee;1996;5416643;TN
0;Tennessee;1997;5499233;TN
0;Tennessee;1998;5570045;TN
0;Tennessee;1999;5638706;TN
0;Tennessee;2000;5703719;TN
0;Tennessee;2001;5750789;TN
0;Tennessee;2002;5795918;TN
0;Tennessee;2003;5847812;TN
0;Tennessee;2004;5910809;TN
0;Tennessee;2005;5991057;TN
0;Tennessee;2006;6088766;TN
0;Tennessee;2007;6175727;TN
0;Tennessee;2008;6247411;TN
0;Tennessee;2009;6306019;TN
0;Tennessee;2010;6355518;TN
0;Tennessee;2011;6400298;TN
0;Tennessee;2012;6455752;TN
0;Tennessee;2013;6496943;TN
0;Tennessee;2014;6544617;TN
0;Tennessee;2015;6595354;TN
0;Tennessee;2016;6651277;TN
0;Tennessee;2017;6714748;TN
0;Tennessee;2018;6778180;TN
0;Tennessee;2019;6830325;TN
0;Tennessee;2020;6927904;TN
0;Tennessee;2021;6965740;TN
0;Tennessee;2022;7062217;TN
0;Tennessee;2023;7148304;TN
0;Tennessee;2024;7227750;TN
0;Texas;1990;17056755;TX
0;Texas;1991;17398005;TX
0;Texas;1992;17759738;TX
0;Texas;1993;18161612;TX
0;Texas;1994;18564062;TX
0;Texas;1995;18958751;TX
0;Texas;1996;19340342;TX
0;Texas;1997;19740317;TX
0;Texas;1998;20157531;TX
0;Texas;1999;20558220;TX
0;Texas;2000;20944499;TX
0;Texas;2001;21319622;TX
0;Texas;2002;21690325;TX
0;Texas;2003;22030931;TX
0;Texas;2004;22394023;TX
0;Texas;2005;22778123;TX
0;Texas;2006;23359580;TX
0;Texas;2007;23831983;TX
0;Texas;2008;24309039;TX
0;Texas;2009;24801761;TX
0;Texas;2010;25241897;TX
0;Texas;2011;25645504;TX
0;Texas;2012;26084120;TX
0;Texas;2013;26479646;TX
0;Texas;2014;26963092;TX
0;Texas;2015;27468531;TX
0;Texas;2016;27914064;TX
0;Texas;2017;28291024;TX
0;Texas;2018;28624564;TX
0;Texas;2019;28986794;TX
0;Texas;2020;29239570;TX
0;Texas;2021;29570351;TX
0;Texas;2022;30113488;TX
0;Texas;2023;30727890;TX
0;Texas;2024;31290831;TX
0;Utah;1990;1731223;UT
0;Utah;1991;1779780;UT
0;Utah;1992;1836799;UT
0;Utah;1993;1898404;UT
0;Utah;1994;1960446;UT
0;Utah;1995;2014179;UT
0;Utah;1996;2067976;UT
0;Utah;1997;2119784;UT
0;Utah;1998;2165961;UT
0;Utah;1999;2203482;UT
0;Utah;2000;2244502;UT
0;Utah;2001;2283715;UT
0;Utah;2002;2324815;UT
0;Utah;2003;2360137;UT
0;Utah;2004;2401580;UT
0;Utah;2005;2457719;UT
0;Utah;2006;2525507;UT
0;Utah;2007;2597746;UT
0;Utah;2008;2663029;UT
0;Utah;2009;2723421;UT
0;Utah;2010;2775413;UT
0;Utah;2011;2814797;UT
0;Utah;2012;2854146;UT
0;Utah;2013;2898773;UT
0;Utah;2014;2938327;UT
0;Utah;2015;2983626;UT
0;Utah;2016;3044241;UT
0;Utah;2017;3103540;UT
0;Utah;2018;3155153;UT
0;Utah;2019;3203383;UT
0;Utah;2020;3284077;UT
0;Utah;2021;3339738;UT
0;Utah;2022;3391011;UT
0;Utah;2023;3443222;UT
0;Utah;2024;3503613;UT
0;Vermont;1990;564798;VT
0;Vermont;1991;568606;VT
0;Vermont;1992;572751;VT
0;Vermont;1993;577748;VT
0;Vermont;1994;583836;VT
0;Vermont;1995;589003;VT
0;Vermont;1996;593701;VT
0;Vermont;1997;597239;VT
0;Vermont;1998;600416;VT
0;Vermont;1999;604683;VT
0;Vermont;2000;609618;VT
0;Vermont;2001;612223;VT
0;Vermont;2002;615442;VT
0;Vermont;2003;617858;VT
0;Vermont;2004;619920;VT
0;Vermont;2005;621215;VT
0;Vermont;2006;622892;VT
0;Vermont;2007;623481;VT
0;Vermont;2008;624151;VT
0;Vermont;2009;624817;VT
0;Vermont;2010;625886;VT
0;Vermont;2011;627197;VT
0;Vermont;2012;626361;VT
0;Vermont;2013;626603;VT
0;Vermont;2014;625693;VT
0;Vermont;2015;625810;VT
0;Vermont;2016;624366;VT
0;Vermont;2017;625132;VT
0;Vermont;2018;624802;VT
0;Vermont;2019;624046;VT
0;Vermont;2020;642977;VT
0;Vermont;2021;647210;VT
0;Vermont;2022;648142;VT
0;Vermont;2023;648708;VT
0;Vermont;2024;648493;VT
0;Virginia;1990;6216884;VA
0;Virginia;1991;6301217;VA
0;Virginia;1992;6414307;VA
0;Virginia;1993;6509630;VA
0;Virginia;1994;6593139;VA
0;Virginia;1995;6670693;VA
0;Virginia;1996;6750884;VA
0;Virginia;1997;6829183;VA
0;Virginia;1998;6900918;VA
0;Virginia;1999;7000174;VA
0;Virginia;2000;7105817;VA
0;Virginia;2001;7198362;VA
0;Virginia;2002;7286873;VA
0;Virginia;2003;7366977;VA
0;Virginia;2004;7475575;VA
0;Virginia;2005;7577105;VA
0;Virginia;2006;7673725;VA
0;Virginia;2007;7751000;VA
0;Virginia;2008;7833496;VA
0;Virginia;2009;7925937;VA
0;Virginia;2010;8024004;VA
0;Virginia;2011;8102437;VA
0;Virginia;2012;8187456;VA
0;Virginia;2013;8255861;VA
0;Virginia;2014;8315430;VA
0;Virginia;2015;8367303;VA
0;Virginia;2016;8417651;VA
0;Virginia;2017;8471011;VA
0;Virginia;2018;8510920;VA
0;Virginia;2019;8556642;VA
0;Virginia;2020;8637615;VA
0;Virginia;2021;8658910;VA
0;Virginia;2022;8683414;VA
0;Virginia;2023;8734685;VA
0;Virginia;2024;8811195;VA
0;Washington;1990;4903043;WA
0;Washington;1991;5025624;WA
0;Washington;1992;5160757;WA
0;Washington;1993;5278842;WA
0;Washington;1994;5375161;WA
0;Washington;1995;5481027;WA
0;Washington;1996;5569753;WA
0;Washington;1997;5674747;WA
0;Washington;1998;5769562;WA
0;Washington;1999;5842564;WA
0;Washington;2000;5910512;WA
0;Washington;2001;5985722;WA
0;Washington;2002;6052349;WA
0;Washington;2003;6104115;WA
0;Washington;2004;6178645;WA
0;Washington;2005;6257305;WA
0;Washington;2006;6370753;WA
0;Washington;2007;6461587;WA
0;Washington;2008;6562231;WA
0;Washington;2009;6667426;WA
0;Washington;2010;6743009;WA
0;Washington;2011;6827479;WA
0;Washington;2012;6898599;WA
0;Washington;2013;6966252;WA
0;Washington;2014;7057531;WA
0;Washington;2015;7167287;WA
0;Washington;2016;7299961;WA
0;Washington;2017;7427951;WA
0;Washington;2018;7526793;WA
0;Washington;2019;7614024;WA
0;Washington;2020;7727209;WA
0;Washington;2021;7743760;WA
0;Washington;2022;7794123;WA
0;Washington;2023;7857320;WA
0;Washington;2024;7958180;WA
0;West Virginia;1990;1792548;WV
0;West Virginia;1991;1798735;WV
0;West Virginia;1992;1806451;WV
0;West Virginia;1993;1817539;WV
0;West Virginia;1994;1820421;WV
0;West Virginia;1995;1823700;WV
0;West Virginia;1996;1822808;WV
0;West Virginia;1997;1819113;WV
0;West Virginia;1998;1815609;WV
0;West Virginia;1999;1811799;WV
0;West Virginia;2000;1807021;WV
0;West Virginia;2001;1801481;WV
0;West Virginia;2002;1805414;WV
0;West Virginia;2003;1812295;WV
0;West Virginia;2004;1816438;WV
0;West Virginia;2005;1820492;WV
0;West Virginia;2006;1827912;WV
0;West Virginia;2007;1834052;WV
0;West Virginia;2008;1840310;WV
0;West Virginia;2009;1847775;WV
0;West Virginia;2010;1854265;WV
0;West Virginia;2011;1856606;WV
0;West Virginia;2012;1857446;WV
0;West Virginia;2013;1854768;WV
0;West Virginia;2014;1850569;WV
0;West Virginia;2015;1843332;WV
0;West Virginia;2016;1832435;WV
0;West Virginia;2017;1818683;WV
0;West Virginia;2018;1805953;WV
0;West Virginia;2019;1795263;WV
0;West Virginia;2020;1791646;WV
0;West Virginia;2021;1785618;WV
0;West Virginia;2022;1774122;WV
0;West Virginia;2023;1770495;WV
0;West Virginia;2024;1769979;WV
0;Wisconsin;1990;4904562;WI
0;Wisconsin;1991;4964343;WI
0;Wisconsin;1992;5025398;WI
0;Wisconsin;1993;5084889;WI
0;Wisconsin;1994;5133678;WI
0;Wisconsin;1995;5184836;WI
0;Wisconsin;1996;5229986;WI
0;Wisconsin;1997;5266213;WI
0;Wisconsin;1998;5297673;WI
0;Wisconsin;1999;5332666;WI
0;Wisconsin;2000;5373999;WI
0;Wisconsin;2001;5406835;WI
0;Wisconsin;2002;5445162;WI
0;Wisconsin;2003;5479203;WI
0;Wisconsin;2004;5514026;WI
0;Wisconsin;2005;5546166;WI
0;Wisconsin;2006;5577655;WI
0;Wisconsin;2007;5610775;WI
0;Wisconsin;2008;5640996;WI
0;Wisconsin;2009;5669264;WI
0;Wisconsin;2010;5690538;WI
0;Wisconsin;2011;5705840;WI
0;Wisconsin;2012;5720825;WI
0;Wisconsin;2013;5738012;WI
0;Wisconsin;2014;5753199;WI
0;Wisconsin;2015;5762927;WI
0;Wisconsin;2016;5775170;WI
0;Wisconsin;2017;5793147;WI
0;Wisconsin;2018;5809319;WI
0;Wisconsin;2019;5824581;WI
0;Wisconsin;2020;5897375;WI
0;Wisconsin;2021;5881608;WI
0;Wisconsin;2022;5903975;WI
0;Wisconsin;2023;5930405;WI
0;Wisconsin;2024;5960975;WI
0;Wyoming;1990;453690;WY
0;Wyoming;1991;459260;WY
0;Wyoming;1992;466251;WY
0;Wyoming;1993;473081;WY
0;Wyoming;1994;480283;WY
0;Wyoming;1995;485160;WY
0;Wyoming;1996;488167;WY
0;Wyoming;1997;489452;WY
0;Wyoming;1998;490787;WY
0;Wyoming;1999;491780;WY
0;Wyoming;2000;494300;WY
0;Wyoming;2001;494657;WY
0;Wyoming;2002;500017;WY
0;Wyoming;2003;503453;WY
0;Wyoming;2004;509106;WY
0;Wyoming;2005;514157;WY
0;Wyoming;2006;522667;WY
0;Wyoming;2007;534876;WY
0;Wyoming;2008;546043;WY
0;Wyoming;2009;559851;WY
0;Wyoming;2010;564531;WY
0;Wyoming;2011;567491;WY
0;Wyoming;2012;576656;WY
0;Wyoming;2013;582620;WY
0;Wyoming;2014;583159;WY
0;Wyoming;2015;586389;WY
0;Wyoming;2016;585243;WY
0;Wyoming;2017;579994;WY
0;Wyoming;2018;579054;WY
0;Wyoming;2019;580116;WY
0;Wyoming;2020;577681;WY
0;Wyoming;2021;579636;WY
0;Wyoming;2022;581978;WY
0;Wyoming;2023;585067;WY
0;Wyoming;2024;587618;WY
0;Puerto Rico;2010;3721525;PR
0;Puerto Rico;2011;3678732;PR
0;Puerto Rico;2012;3634488;PR
0;Puerto Rico;2013;3593077;PR
0;Puerto Rico;2014;3534874;PR
0;Puerto Rico;2015;3473232;PR
0;Puerto Rico;2016;3406672;PR
0;Puerto Rico;2017;3325284;PR
0;Puerto Rico;2018;3193344;PR
0;Puerto Rico;2019;3193553;PR
