StateCode;State;Year;Population
AL;Alabama;1990;4050055
AL;Alabama;1991;4099156
AL;Alabama;1992;4154014
AL;Alabama;1993;4214202
AL;Alabama;1994;4260229
AL;Alabama;1995;4296800
AL;Alabama;1996;4331103
AL;Alabama;1997;4367935
AL;Alabama;1998;4404701
AL;Alabama;1999;4430141
AL;Alabama;2000;4452173
AL;Alabama;2001;4467634
AL;Alabama;2002;4480089
AL;Alabama;2003;4503491
AL;Alabama;2004;4530729
AL;Alabama;2005;4569805
AL;Alabama;2006;4628981
AL;Alabama;2007;4672840
AL;Alabama;2008;4718206
AL;Alabama;2009;4757938
AL;Alabama;2010;4785514
AL;Alabama;2011;4799642
AL;Alabama;2012;4816632
AL;Alabama;2013;4831586
AL;Alabama;2014;4843737
AL;Alabama;2015;4854803
AL;Alabama;2016;4866824
AL;Alabama;2017;4877989
AL;Alabama;2018;4891628
AL;Alabama;2019;4907965
AL;Alabama;2020;5033094
AL;Alabama;2021;5049196
AL;Alabama;2022;5076181
AL;Alabama;2023;5117673
AL;Alabama;2024;5157699
AK;Alaska;1990;553290
AK;Alaska;1991;570193
AK;Alaska;1992;588736
AK;Alaska;1993;599434
AK;Alaska;1994;603308
AK;Alaska;1995;604412
AK;Alaska;1996;608569
AK;Alaska;1997;612968
AK;Alaska;1998;619933
AK;Alaska;1999;624779
AK;Alaska;2000;627963
AK;Alaska;2001;633714
AK;Alaska;2002;642337
AK;Alaska;2003;648414
AK;Alaska;2004;659286
AK;Alaska;2005;666946
AK;Alaska;2006;675302
AK;Alaska;2007;680300
AK;Alaska;2008;687455
AK;Alaska;2009;698895
AK;Alaska;2010;713982
AK;Alaska;2011;722349
AK;Alaska;2012;730810
AK;Alaska;2013;737626
AK;Alaska;2014;737075
AK;Alaska;2015;738430
AK;Alaska;2016;742575
AK;Alaska;2017;740983
AK;Alaska;2018;736624
AK;Alaska;2019;733603
AK;Alaska;2020;733017
AK;Alaska;2021;734420
AK;Alaska;2022;734442
AK;Alaska;2023;736510
AK;Alaska;2024;740133
AZ;Arizona;1990;3684097
AZ;Arizona;1991;3788576
AZ;Arizona;1992;3915740
AZ;Arizona;1993;4065440
AZ;Arizona;1994;4245089
AZ;Arizona;1995;4432499
AZ;Arizona;1996;4586940
AZ;Arizona;1997;4736990
AZ;Arizona;1998;4883342
AZ;Arizona;1999;5023823
AZ;Arizona;2000;5160586
AZ;Arizona;2001;5273477
AZ;Arizona;2002;5396255
AZ;Arizona;2003;5510364
AZ;Arizona;2004;5652404
AZ;Arizona;2005;5839077
AZ;Arizona;2006;6029141
AZ;Arizona;2007;6167681
AZ;Arizona;2008;6280362
AZ;Arizona;2009;6343154
AZ;Arizona;2010;6407342
AZ;Arizona;2011;6473416
AZ;Arizona;2012;6556344
AZ;Arizona;2013;6634690
AZ;Arizona;2014;6732873
AZ;Arizona;2015;6832810
AZ;Arizona;2016;6944767
AZ;Arizona;2017;7048088
AZ;Arizona;2018;7164228
AZ;Arizona;2019;7291843
AZ;Arizona;2020;7187135
AZ;Arizona;2021;7274078
AZ;Arizona;2022;7377566
AZ;Arizona;2023;7473027
AZ;Arizona;2024;7582384
AR;Arkansas;1990;2356586
AR;Arkansas;1991;2383144
AR;Arkansas;1992;2415984
AR;Arkansas;1993;2456303
AR;Arkansas;1994;2494019
AR;Arkansas;1995;2535399
AR;Arkansas;1996;2572109
AR;Arkansas;1997;2601091
AR;Arkansas;1998;2626289
AR;Arkansas;1999;2651860
AR;Arkansas;2000;2678588
AR;Arkansas;2001;2691571
AR;Arkansas;2002;2705927
AR;Arkansas;2003;2724816
AR;Arkansas;2004;2749686
AR;Arkansas;2005;2781097
AR;Arkansas;2006;2821761
AR;Arkansas;2007;2848650
AR;Arkansas;2008;2874554
AR;Arkansas;2009;2896843
AR;Arkansas;2010;2921998
AR;Arkansas;2011;2941038
AR;Arkansas;2012;2952876
AR;Arkansas;2013;2960459
AR;Arkansas;2014;2968759
AR;Arkansas;2015;2979732
AR;Arkansas;2016;2991815
AR;Arkansas;2017;3003855
AR;Arkansas;2018;3012161
AR;Arkansas;2019;3020985
AR;Arkansas;2020;3014546
AR;Arkansas;2021;3026870
AR;Arkansas;2022;3047704
AR;Arkansas;2023;3069463
AR;Arkansas;2024;3088354
CA;California;1990;29959515
CA;California;1991;30470736
CA;California;1992;30974659
CA;California;1993;31274928
CA;California;1994;31484435
CA;California;1995;31696582
CA;California;1996;32018834
CA;California;1997;32486010
CA;California;1998;32987675
CA;California;1999;33499204
CA;California;2000;33987977
CA;California;2001;34479458
CA;California;2002;34871843
CA;California;2003;35253159
CA;California;2004;35574576
CA;California;2005;35827943
CA;California;2006;36021202
CA;California;2007;36250311
CA;California;2008;36604337
CA;California;2009;36961229
CA;California;2010;37319550
CA;California;2011;37636311
CA;California;2012;37944551
CA;California;2013;38253768
CA;California;2014;38586706
CA;California;2015;38904296
CA;California;2016;39149186
CA;California;2017;39337785
CA;California;2018;39437463
CA;California;2019;39437610
CA;California;2020;39521958
CA;California;2021;39142565
CA;California;2022;39142414
CA;California;2023;39198693
CA;California;2024;39431263
CO;Colorado;1990;3307618
CO;Colorado;1991;3387119
CO;Colorado;1992;3495939
CO;Colorado;1993;3613734
CO;Colorado;1994;3724168
CO;Colorado;1995;3826653
CO;Colorado;1996;3919972
CO;Colorado;1997;4018293
CO;Colorado;1998;4116639
CO;Colorado;1999;4226018
CO;Colorado;2000;4326921
CO;Colorado;2001;4425687
CO;Colorado;2002;4490406
CO;Colorado;2003;4528732
CO;Colorado;2004;4575013
CO;Colorado;2005;4631888
CO;Colorado;2006;4720423
CO;Colorado;2007;4803868
CO;Colorado;2008;4889730
CO;Colorado;2009;4972195
CO;Colorado;2010;5047539
CO;Colorado;2011;5121900
CO;Colorado;2012;5193660
CO;Colorado;2013;5270774
CO;Colorado;2014;5352637
CO;Colorado;2015;5454328
CO;Colorado;2016;5543844
CO;Colorado;2017;5617421
CO;Colorado;2018;5697155
CO;Colorado;2019;5758486
CO;Colorado;2020;5787129
CO;Colorado;2021;5814036
CO;Colorado;2022;5850935
CO;Colorado;2023;5901339
CO;Colorado;2024;5957493
CT;Connecticut;1990;3291967
CT;Connecticut;1991;3302895
CT;Connecticut;1992;3300712
CT;Connecticut;1993;3309175
CT;Connecticut;1994;3316121
CT;Connecticut;1995;3324144
CT;Connecticut;1996;3336685
CT;Connecticut;1997;3349348
CT;Connecticut;1998;3365352
CT;Connecticut;1999;3386401
CT;Connecticut;2000;3411777
CT;Connecticut;2001;3432835
CT;Connecticut;2002;3458749
CT;Connecticut;2003;3484336
CT;Connecticut;2004;3496094
CT;Connecticut;2005;3506956
CT;Connecticut;2006;3517460
CT;Connecticut;2007;3527270
CT;Connecticut;2008;3545579
CT;Connecticut;2009;3561807
CT;Connecticut;2010;3579173
CT;Connecticut;2011;3588632
CT;Connecticut;2012;3595211
CT;Connecticut;2013;3595792
CT;Connecticut;2014;3595697
CT;Connecticut;2015;3588561
CT;Connecticut;2016;3579830
CT;Connecticut;2017;3575324
CT;Connecticut;2018;3574561
CT;Connecticut;2019;3566022
CT;Connecticut;2020;3579918
CT;Connecticut;2021;3606607
CT;Connecticut;2022;3617925
CT;Connecticut;2023;3643023
CT;Connecticut;2024;3675069
DE;Delaware;1990;669567
DE;Delaware;1991;683080
DE;Delaware;1992;694927
DE;Delaware;1993;706378
DE;Delaware;1994;717545
DE;Delaware;1995;729735
DE;Delaware;1996;740978
DE;Delaware;1997;751487
DE;Delaware;1998;763335
DE;Delaware;1999;774990
DE;Delaware;2000;786373
DE;Delaware;2001;795699
DE;Delaware;2002;806169
DE;Delaware;2003;818003
DE;Delaware;2004;830803
DE;Delaware;2005;845150
DE;Delaware;2006;859268
DE;Delaware;2007;871749
DE;Delaware;2008;883874
DE;Delaware;2009;891730
DE;Delaware;2010;899647
DE;Delaware;2011;907590
DE;Delaware;2012;915518
DE;Delaware;2013;924062
DE;Delaware;2014;933131
DE;Delaware;2015;942065
DE;Delaware;2016;949989
DE;Delaware;2017;957942
DE;Delaware;2018;966985
DE;Delaware;2019;976668
DE;Delaware;2020;991928
DE;Delaware;2021;1005062
DE;Delaware;2022;1020625
DE;Delaware;2023;1036423
DE;Delaware;2024;1051917
DC;District of Columbia;1990;605321
DC;District of Columbia;1991;600870
DC;District of Columbia;1992;597567
DC;District of Columbia;1993;595302
DC;District of Columbia;1994;589240
DC;District of Columbia;1995;580519
DC;District of Columbia;1996;572379
DC;District of Columbia;1997;567739
DC;District of Columbia;1998;565232
DC;District of Columbia;1999;570220
DC;District of Columbia;2000;572046
DC;District of Columbia;2001;574504
DC;District of Columbia;2002;573158
DC;District of Columbia;2003;568502
DC;District of Columbia;2004;567754
DC;District of Columbia;2005;567136
DC;District of Columbia;2006;570681
DC;District of Columbia;2007;574404
DC;District of Columbia;2008;580236
DC;District of Columbia;2009;592228
DC;District of Columbia;2010;605282
DC;District of Columbia;2011;620290
DC;District of Columbia;2012;635737
DC;District of Columbia;2013;651559
DC;District of Columbia;2014;663603
DC;District of Columbia;2015;677014
DC;District of Columbia;2016;687576
DC;District of Columbia;2017;697079
DC;District of Columbia;2018;704147
DC;District of Columbia;2019;708253
DC;District of Columbia;2020;670917
DC;District of Columbia;2021;669256
DC;District of Columbia;2022;676725
DC;District of Columbia;2023;687324
DC;District of Columbia;2024;702250
FL;Florida;1990;13033307
FL;Florida;1991;13369798
FL;Florida;1992;13650553
FL;Florida;1993;13927185
FL;Florida;1994;14239444
FL;Florida;1995;14537875
FL;Florida;1996;14853360
FL;Florida;1997;15186304
FL;Florida;1998;15486559
FL;Florida;1999;15759421
FL;Florida;2000;16047515
FL;Florida;2001;16356966
FL;Florida;2002;16689370
FL;Florida;2003;17004085
FL;Florida;2004;17415318
FL;Florida;2005;17842038
FL;Florida;2006;18166990
FL;Florida;2007;18367842
FL;Florida;2008;18527305
FL;Florida;2009;18652644
FL;Florida;2010;18846143
FL;Florida;2011;19055607
FL;Florida;2012;19302016
FL;Florida;2013;19551678
FL;Florida;2014;19853880
FL;Florida;2015;20219111
FL;Florida;2016;20627237
FL;Florida;2017;20977089
FL;Florida;2018;21254926
FL;Florida;2019;21492056
FL;Florida;2020;21592035
FL;Florida;2021;21831949
FL;Florida;2022;22379312
FL;Florida;2023;22904868
FL;Florida;2024;23372215
GA;Georgia;1990;6512602
GA;Georgia;1991;6653005
GA;Georgia;1992;6817203
GA;Georgia;1993;6978240
GA;Georgia;1994;7157165
GA;Georgia;1995;7328413
GA;Georgia;1996;7501069
GA;Georgia;1997;7685099
GA;Georgia;1998;7863536
GA;Georgia;1999;8045965
GA;Georgia;2000;8227303
GA;Georgia;2001;8377038
GA;Georgia;2002;8508256
GA;Georgia;2003;8622793
GA;Georgia;2004;8769252
GA;Georgia;2005;8925922
GA;Georgia;2006;9155813
GA;Georgia;2007;9349988
GA;Georgia;2008;9504843
GA;Georgia;2009;9620846
GA;Georgia;2010;9712209
GA;Georgia;2011;9803630
GA;Georgia;2012;9903580
GA;Georgia;2013;9975592
GA;Georgia;2014;10071204
GA;Georgia;2015;10183353
GA;Georgia;2016;10308442
GA;Georgia;2017;10417031
GA;Georgia;2018;10519389
GA;Georgia;2019;10628020
GA;Georgia;2020;10732888
GA;Georgia;2021;10792060
GA;Georgia;2022;10931805
GA;Georgia;2023;11064432
GA;Georgia;2024;11180878
HI;Hawaii;1990;1113491
HI;Hawaii;1991;1136754
HI;Hawaii;1992;1158613
HI;Hawaii;1993;1172838
HI;Hawaii;1994;1187536
HI;Hawaii;1995;1196854
HI;Hawaii;1996;1203755
HI;Hawaii;1997;1211640
HI;Hawaii;1998;1215233
HI;Hawaii;1999;1210300
HI;Hawaii;2000;1213519
HI;Hawaii;2001;1225948
HI;Hawaii;2002;1239613
HI;Hawaii;2003;1251154
HI;Hawaii;2004;1273569
HI;Hawaii;2005;1292729
HI;Hawaii;2006;1309731
HI;Hawaii;2007;1315675
HI;Hawaii;2008;1332213
HI;Hawaii;2009;1346717
HI;Hawaii;2010;1364004
HI;Hawaii;2011;1379562
HI;Hawaii;2012;1395199
HI;Hawaii;2013;1408822
HI;Hawaii;2014;1415335
HI;Hawaii;2015;1422999
HI;Hawaii;2016;1428885
HI;Hawaii;2017;1425763
HI;Hawaii;2018;1423102
HI;Hawaii;2019;1415615
HI;Hawaii;2020;1451252
HI;Hawaii;2021;1447029
HI;Hawaii;2022;1440359
HI;Hawaii;2023;1441387
HI;Hawaii;2024;1446146
ID;Idaho;1990;1012384
ID;Idaho;1991;1041316
ID;Idaho;1992;1071685
ID;Idaho;1993;1108768
ID;Idaho;1994;1145140
ID;Idaho;1995;1177322
ID;Idaho;1996;1203083
ID;Idaho;1997;1228520
ID;Idaho;1998;1252330
ID;Idaho;1999;1275674
ID;Idaho;2000;1299430
ID;Idaho;2001;1319962
ID;Idaho;2002;1340372
ID;Idaho;2003;1363380
ID;Idaho;2004;1391802
ID;Idaho;2005;1428241
ID;Idaho;2006;1468669
ID;Idaho;2007;1505105
ID;Idaho;2008;1534320
ID;Idaho;2009;1554439
ID;Idaho;2010;1570819
ID;Idaho;2011;1584272
ID;Idaho;2012;1595910
ID;Idaho;2013;1612053
ID;Idaho;2014;1632248
ID;Idaho;2015;1652495
ID;Idaho;2016;1684036
ID;Idaho;2017;1719745
ID;Idaho;2018;1752074
ID;Idaho;2019;1789060
ID;Idaho;2020;1849415
ID;Idaho;2021;1904848
ID;Idaho;2022;1944299
ID;Idaho;2023;1971122
ID;Idaho;2024;2001619
IL;Illinois;1990;11453316
IL;Illinois;1991;11568964
IL;Illinois;1992;11694184
IL;Illinois;1993;11809579
IL;Illinois;1994;11912585
IL;Illinois;1995;12008437
IL;Illinois;1996;12101997
IL;Illinois;1997;12185715
IL;Illinois;1998;12271847
IL;Illinois;1999;12359020
IL;Illinois;2000;12434161
IL;Illinois;2001;12488445
IL;Illinois;2002;12525556
IL;Illinois;2003;12556006
IL;Illinois;2004;12589773
IL;Illinois;2005;12609903
IL;Illinois;2006;12643955
IL;Illinois;2007;12695866
IL;Illinois;2008;12747038
IL;Illinois;2009;12796778
IL;Illinois;2010;12840545
IL;Illinois;2011;12867783
IL;Illinois;2012;12883029
IL;Illinois;2013;12895778
IL;Illinois;2014;12885092
IL;Illinois;2015;12859585
IL;Illinois;2016;12821709
IL;Illinois;2017;12779893
IL;Illinois;2018;12724685
IL;Illinois;2019;12667017
IL;Illinois;2020;12799088
IL;Illinois;2021;12700641
IL;Illinois;2022;12621821
IL;Illinois;2023;12642259
IL;Illinois;2024;12710158
IN;Indiana;1990;5557798
IN;Indiana;1991;5616388
IN;Indiana;1992;5674547
IN;Indiana;1993;5739019
IN;Indiana;1994;5793526
IN;Indiana;1995;5851459
IN;Indiana;1996;5906013
IN;Indiana;1997;5955267
IN;Indiana;1998;5998881
IN;Indiana;1999;6044970
IN;Indiana;2000;6091866
IN;Indiana;2001;6127760
IN;Indiana;2002;6155967
IN;Indiana;2003;6196638
IN;Indiana;2004;6233007
IN;Indiana;2005;6278616
IN;Indiana;2006;6332669
IN;Indiana;2007;6379599
IN;Indiana;2008;6424806
IN;Indiana;2009;6459325
IN;Indiana;2010;6490555
IN;Indiana;2011;6517250
IN;Indiana;2012;6538989
IN;Indiana;2013;6570575
IN;Indiana;2014;6596019
IN;Indiana;2015;6611442
IN;Indiana;2016;6637898
IN;Indiana;2017;6662068
IN;Indiana;2018;6698481
IN;Indiana;2019;6731010
IN;Indiana;2020;6790497
IN;Indiana;2021;6815907
IN;Indiana;2022;6844545
IN;Indiana;2023;6880131
IN;Indiana;2024;6924275
IA;Iowa;1990;2781018
IA;Iowa;1991;2797613
IA;Iowa;1992;2818401
IA;Iowa;1993;2836972
IA;Iowa;1994;2850746
IA;Iowa;1995;2867373
IA;Iowa;1996;2880001
IA;Iowa;1997;2891119
IA;Iowa;1998;2902872
IA;Iowa;1999;2917634
IA;Iowa;2000;2929067
IA;Iowa;2001;2931997
IA;Iowa;2002;2934234
IA;Iowa;2003;2941999
IA;Iowa;2004;2953635
IA;Iowa;2005;2964454
IA;Iowa;2006;2982644
IA;Iowa;2007;2999212
IA;Iowa;2008;3016734
IA;Iowa;2009;3032870
IA;Iowa;2010;3050819
IA;Iowa;2011;3066772
IA;Iowa;2012;3076844
IA;Iowa;2013;3093935
IA;Iowa;2014;3110643
IA;Iowa;2015;3122541
IA;Iowa;2016;3133210
IA;Iowa;2017;3143734
IA;Iowa;2018;3149900
IA;Iowa;2019;3159596
IA;Iowa;2020;3191141
IA;Iowa;2021;3198613
IA;Iowa;2022;3202820
IA;Iowa;2023;3218414
IA;Iowa;2024;3241488
KS;Kansas;1990;2481349
KS;Kansas;1991;2498722
KS;Kansas;1992;2532395
KS;Kansas;1993;2556547
KS;Kansas;1994;2580513
KS;Kansas;1995;2601008
KS;Kansas;1996;2614554
KS;Kansas;1997;2635292
KS;Kansas;1998;2660598
KS;Kansas;1999;2678338
KS;Kansas;2000;2693681
KS;Kansas;2001;2702162
KS;Kansas;2002;2713535
KS;Kansas;2003;2723004
KS;Kansas;2004;2734373
KS;Kansas;2005;2745299
KS;Kansas;2006;2762931
KS;Kansas;2007;2783785
KS;Kansas;2008;2808076
KS;Kansas;2009;2832704
KS;Kansas;2010;2858266
KS;Kansas;2011;2869677
KS;Kansas;2012;2886024
KS;Kansas;2013;2894306
KS;Kansas;2014;2901861
KS;Kansas;2015;2910717
KS;Kansas;2016;2912977
KS;Kansas;2017;2910892
KS;Kansas;2018;2912748
KS;Kansas;2019;2912635
KS;Kansas;2020;2938172
KS;Kansas;2021;2938338
KS;Kansas;2022;2937324
KS;Kansas;2023;2951500
KS;Kansas;2024;2970606
KY;Kentucky;1990;3694048
KY;Kentucky;1991;3722328
KY;Kentucky;1992;3765469
KY;Kentucky;1993;3812206
KY;Kentucky;1994;3849088
KY;Kentucky;1995;3887427
KY;Kentucky;1996;3919536
KY;Kentucky;1997;3952747
KY;Kentucky;1998;3985391
KY;Kentucky;1999;4018053
KY;Kentucky;2000;4049021
KY;Kentucky;2001;4068132
KY;Kentucky;2002;4089875
KY;Kentucky;2003;4117170
KY;Kentucky;2004;4146101
KY;Kentucky;2005;4182742
KY;Kentucky;2006;4219239
KY;Kentucky;2007;4256672
KY;Kentucky;2008;4289878
KY;Kentucky;2009;4317074
KY;Kentucky;2010;4348464
KY;Kentucky;2011;4370817
KY;Kentucky;2012;4387865
KY;Kentucky;2013;4406906
KY;Kentucky;2014;4416992
KY;Kentucky;2015;4429126
KY;Kentucky;2016;4440306
KY;Kentucky;2017;4455590
KY;Kentucky;2018;4464273
KY;Kentucky;2019;4472345
KY;Kentucky;2020;4508318
KY;Kentucky;2021;4507583
KY;Kentucky;2022;4519233
KY;Kentucky;2023;4550595
KY;Kentucky;2024;4588372
LA;Louisiana;1990;4221532
LA;Louisiana;1991;4253279
LA;Louisiana;1992;4293003
LA;Louisiana;1993;4316428
LA;Louisiana;1994;4347481
LA;Louisiana;1995;4378779
LA;Louisiana;1996;4398877
LA;Louisiana;1997;4421072
LA;Louisiana;1998;4440344
LA;Louisiana;1999;4460811
LA;Louisiana;2000;4471885
LA;Louisiana;2001;4477875
LA;Louisiana;2002;4497267
LA;Louisiana;2003;4521042
LA;Louisiana;2004;4552238
LA;Louisiana;2005;4576628
LA;Louisiana;2006;4302665
LA;Louisiana;2007;4375581
LA;Louisiana;2008;4435586
LA;Louisiana;2009;4491648
LA;Louisiana;2010;4544635
LA;Louisiana;2011;4576244
LA;Louisiana;2012;4602067
LA;Louisiana;2013;4626040
LA;Louisiana;2014;4645938
LA;Louisiana;2015;4666998
LA;Louisiana;2016;4681346
LA;Louisiana;2017;4673673
LA;Louisiana;2018;4664450
LA;Louisiana;2019;4658285
LA;Louisiana;2020;4652301
LA;Louisiana;2021;4627971
LA;Louisiana;2022;4593687
LA;Louisiana;2023;4588071
LA;Louisiana;2024;4597740
ME;Maine;1990;1231719
ME;Maine;1991;1237081
ME;Maine;1992;1238508
ME;Maine;1993;1242302
ME;Maine;1994;1242662
ME;Maine;1995;1243481
ME;Maine;1996;1249060
ME;Maine;1997;1254774
ME;Maine;1998;1259127
ME;Maine;1999;1266808
ME;Maine;2000;1277072
ME;Maine;2001;1285692
ME;Maine;2002;1295960
ME;Maine;2003;1306513
ME;Maine;2004;1313688
ME;Maine;2005;1318787
ME;Maine;2006;1323619
ME;Maine;2007;1327040
ME;Maine;2008;1330509
ME;Maine;2009;1329590
ME;Maine;2010;1327651
ME;Maine;2011;1328473
ME;Maine;2012;1328094
ME;Maine;2013;1328543
ME;Maine;2014;1331217
ME;Maine;2015;1329098
ME;Maine;2016;1332348
ME;Maine;2017;1335743
ME;Maine;2018;1340123
ME;Maine;2019;1345770
ME;Maine;2020;1364571
ME;Maine;2021;1378931
ME;Maine;2022;1390922
ME;Maine;2023;1399646
ME;Maine;2024;1405012
MD;Maryland;1990;4799770
MD;Maryland;1991;4867641
MD;Maryland;1992;4923369
MD;Maryland;1993;4971889
MD;Maryland;1994;5023060
MD;Maryland;1995;5070033
MD;Maryland;1996;5111986
MD;Maryland;1997;5157328
MD;Maryland;1998;5204464
MD;Maryland;1999;5254509
MD;Maryland;2000;5311034
MD;Maryland;2001;5374691
MD;Maryland;2002;5440389
MD;Maryland;2003;5496269
MD;Maryland;2004;5546935
MD;Maryland;2005;5592379
MD;Maryland;2006;5627367
MD;Maryland;2007;5653408
MD;Maryland;2008;5684965
MD;Maryland;2009;5730388
MD;Maryland;2010;5788784
MD;Maryland;2011;5840241
MD;Maryland;2012;5888375
MD;Maryland;2013;5925197
MD;Maryland;2014;5960064
MD;Maryland;2015;5988528
MD;Maryland;2016;6007014
MD;Maryland;2017;6028186
MD;Maryland;2018;6042153
MD;Maryland;2019;6054954
MD;Maryland;2020;6177935
MD;Maryland;2021;6179403
MD;Maryland;2022;6192440
MD;Maryland;2023;6217062
MD;Maryland;2024;6263220
MA;Massachusetts;1990;6022639
MA;Massachusetts;1991;6018470
MA;Massachusetts;1992;6028709
MA;Massachusetts;1993;6060569
MA;Massachusetts;1994;6095241
MA;Massachusetts;1995;6141445
MA;Massachusetts;1996;6179756
MA;Massachusetts;1997;6226058
MA;Massachusetts;1998;6271838
MA;Massachusetts;1999;6317345
MA;Massachusetts;2000;6361104
MA;Massachusetts;2001;6397634
MA;Massachusetts;2002;6417206
MA;Massachusetts;2003;6422565
MA;Massachusetts;2004;6412281
MA;Massachusetts;2005;6403290
MA;Massachusetts;2006;6410084
MA;Massachusetts;2007;6431559
MA;Massachusetts;2008;6468967
MA;Massachusetts;2009;6517613
MA;Massachusetts;2010;6566440
MA;Massachusetts;2011;6614218
MA;Massachusetts;2012;6664269
MA;Massachusetts;2013;6715158
MA;Massachusetts;2014;6764864
MA;Massachusetts;2015;6797484
MA;Massachusetts;2016;6827280
MA;Massachusetts;2017;6863560
MA;Massachusetts;2018;6885720
MA;Massachusetts;2019;6894883
MA;Massachusetts;2020;6994598
MA;Massachusetts;2021;7000474
MA;Massachusetts;2022;7022468
MA;Massachusetts;2023;7066568
MA;Massachusetts;2024;7136171
MI;Michigan;1990;9311319
MI;Michigan;1991;9400446
MI;Michigan;1992;9479065
MI;Michigan;1993;9540114
MI;Michigan;1994;9597737
MI;Michigan;1995;9676211
MI;Michigan;1996;9758645
MI;Michigan;1997;9809051
MI;Michigan;1998;9847942
MI;Michigan;1999;9897116
MI;Michigan;2000;9952450
MI;Michigan;2001;9991120
MI;Michigan;2002;10015710
MI;Michigan;2003;10041152
MI;Michigan;2004;10055315
MI;Michigan;2005;10051137
MI;Michigan;2006;10036081
MI;Michigan;2007;10001284
MI;Michigan;2008;9946889
MI;Michigan;2009;9901591
MI;Michigan;2010;9877597
MI;Michigan;2011;9883053
MI;Michigan;2012;9898289
MI;Michigan;2013;9914802
MI;Michigan;2014;9932033
MI;Michigan;2015;9934483
MI;Michigan;2016;9954117
MI;Michigan;2017;9976752
MI;Michigan;2018;9987286
MI;Michigan;2019;9984795
MI;Michigan;2020;10072703
MI;Michigan;2021;10041351
MI;Michigan;2022;10050877
MI;Michigan;2023;10083356
MI;Michigan;2024;10140459
MN;Minnesota;1990;4389857
MN;Minnesota;1991;4440859
MN;Minnesota;1992;4495572
MN;Minnesota;1993;4555956
MN;Minnesota;1994;4610355
MN;Minnesota;1995;4660180
MN;Minnesota;1996;4712827
MN;Minnesota;1997;4763390
MN;Minnesota;1998;4813412
MN;Minnesota;1999;4873481
MN;Minnesota;2000;4933692
MN;Minnesota;2001;4982796
MN;Minnesota;2002;5018935
MN;Minnesota;2003;5053572
MN;Minnesota;2004;5087713
MN;Minnesota;2005;5119598
MN;Minnesota;2006;5163555
MN;Minnesota;2007;5207203
MN;Minnesota;2008;5247018
MN;Minnesota;2009;5281203
MN;Minnesota;2010;5310934
MN;Minnesota;2011;5346620
MN;Minnesota;2012;5377500
MN;Minnesota;2013;5414722
MN;Minnesota;2014;5452665
MN;Minnesota;2015;5484002
MN;Minnesota;2016;5525360
MN;Minnesota;2017;5569283
MN;Minnesota;2018;5608762
MN;Minnesota;2019;5640053
MN;Minnesota;2020;5710735
MN;Minnesota;2021;5718660
MN;Minnesota;2022;5721621
MN;Minnesota;2023;5753048
MN;Minnesota;2024;5793151
MS;Mississippi;1990;2578897
MS;Mississippi;1991;2598733
MS;Mississippi;1992;2623734
MS;Mississippi;1993;2655100
MS;Mississippi;1994;2688992
MS;Mississippi;1995;2722659
MS;Mississippi;1996;2748085
MS;Mississippi;1997;2777004
MS;Mississippi;1998;2804834
MS;Mississippi;1999;2828408
MS;Mississippi;2000;2848353
MS;Mississippi;2001;2852994
MS;Mississippi;2002;2858681
MS;Mississippi;2003;2868312
MS;Mississippi;2004;2889010
MS;Mississippi;2005;2905943
MS;Mississippi;2006;2904978
MS;Mississippi;2007;2928350
MS;Mississippi;2008;2947806
MS;Mississippi;2009;2958774
MS;Mississippi;2010;2970615
MS;Mississippi;2011;2979147
MS;Mississippi;2012;2984599
MS;Mississippi;2013;2989839
MS;Mississippi;2014;2991892
MS;Mississippi;2015;2990231
MS;Mississippi;2016;2990595
MS;Mississippi;2017;2990674
MS;Mississippi;2018;2982879
MS;Mississippi;2019;2978227
MS;Mississippi;2020;2958536
MS;Mississippi;2021;2947209
MS;Mississippi;2022;2941939
MS;Mississippi;2023;2943172
MS;Mississippi;2024;2943045
MO;Missouri;1990;5128880
MO;Missouri;1991;5170800
MO;Missouri;1992;5217101
MO;Missouri;1993;5271175
MO;Missouri;1994;5324497
MO;Missouri;1995;5378247
MO;Missouri;1996;5431553
MO;Missouri;1997;5481193
MO;Missouri;1998;5521765
MO;Missouri;1999;5561948
MO;Missouri;2000;5607285
MO;Missouri;2001;5641142
MO;Missouri;2002;5674825
MO;Missouri;2003;5709403
MO;Missouri;2004;5747741
MO;Missouri;2005;5790300
MO;Missouri;2006;5842704
MO;Missouri;2007;5887612
MO;Missouri;2008;5923916
MO;Missouri;2009;5961088
MO;Missouri;2010;5996089
MO;Missouri;2011;6011182
MO;Missouri;2012;6026027
MO;Missouri;2013;6042989
MO;Missouri;2014;6059130
MO;Missouri;2015;6075411
MO;Missouri;2016;6091384
MO;Missouri;2017;6111382
MO;Missouri;2018;6125986
MO;Missouri;2019;6140475
MO;Missouri;2020;6154744
MO;Missouri;2021;6171374
MO;Missouri;2022;6179414
MO;Missouri;2023;6208038
MO;Missouri;2024;6245466
MT;Montana;1990;800204
MT;Montana;1991;809680
MT;Montana;1992;825770
MT;Montana;1993;844761
MT;Montana;1994;861306
MT;Montana;1995;876553
MT;Montana;1996;886254
MT;Montana;1997;889865
MT;Montana;1998;892431
MT;Montana;1999;897508
MT;Montana;2000;903773
MT;Montana;2001;906961
MT;Montana;2002;911667
MT;Montana;2003;919630
MT;Montana;2004;930009
MT;Montana;2005;940102
MT;Montana;2006;952692
MT;Montana;2007;964706
MT;Montana;2008;976415
MT;Montana;2009;983982
MT;Montana;2010;990730
MT;Montana;2011;997518
MT;Montana;2012;1004168
MT;Montana;2013;1014158
MT;Montana;2014;1022657
MT;Montana;2015;1031495
MT;Montana;2016;1042137
MT;Montana;2017;1053862
MT;Montana;2018;1061818
MT;Montana;2019;1070123
MT;Montana;2020;1087230
MT;Montana;2021;1106522
MT;Montana;2022;1122095
MT;Montana;2023;1131302
MT;Montana;2024;1137233
NE;Nebraska;1990;1581660
NE;Nebraska;1991;1595919
NE;Nebraska;1992;1611687
NE;Nebraska;1993;1625590
NE;Nebraska;1994;1639041
NE;Nebraska;1995;1656993
NE;Nebraska;1996;1673740
NE;Nebraska;1997;1686418
NE;Nebraska;1998;1695817
NE;Nebraska;1999;1704764
NE;Nebraska;2000;1713820
NE;Nebraska;2001;1719836
NE;Nebraska;2002;1728292
NE;Nebraska;2003;1738643
NE;Nebraska;2004;1749370
NE;Nebraska;2005;1761497
NE;Nebraska;2006;1772693
NE;Nebraska;2007;1783440
NE;Nebraska;2008;1796378
NE;Nebraska;2009;1812683
NE;Nebraska;2010;1829591
NE;Nebraska;2011;1840914
NE;Nebraska;2012;1853691
NE;Nebraska;2013;1865813
NE;Nebraska;2014;1879955
NE;Nebraska;2015;1892059
NE;Nebraska;2016;1906483
NE;Nebraska;2017;1916998
NE;Nebraska;2018;1925512
NE;Nebraska;2019;1932571
NE;Nebraska;2020;1963387
NE;Nebraska;2021;1964537
NE;Nebraska;2022;1972246
NE;Nebraska;2023;1987864
NE;Nebraska;2024;2005465
NV;Nevada;1990;1220695
NV;Nevada;1991;1296172
NV;Nevada;1992;1351367
NV;Nevada;1993;1411215
NV;Nevada;1994;1499298
NV;Nevada;1995;1581578
NV;Nevada;1996;1666320
NV;Nevada;1997;1764104
NV;Nevada;1998;1853192
NV;Nevada;1999;1934718
NV;Nevada;2000;2018741
NV;Nevada;2001;2098399
NV;Nevada;2002;2173791
NV;Nevada;2003;2248850
NV;Nevada;2004;2346222
NV;Nevada;2005;2432143
NV;Nevada;2006;2522658
NV;Nevada;2007;2601072
NV;Nevada;2008;2653630
NV;Nevada;2009;2684665
NV;Nevada;2010;2702483
NV;Nevada;2011;2713114
NV;Nevada;2012;2744670
NV;Nevada;2013;2776956
NV;Nevada;2014;2818935
NV;Nevada;2015;2868531
NV;Nevada;2016;2919555
NV;Nevada;2017;2972097
NV;Nevada;2018;3030725
NV;Nevada;2019;3090771
NV;Nevada;2020;3116967
NV;Nevada;2021;3148141
NV;Nevada;2022;3176116
NV;Nevada;2023;3214363
NV;Nevada;2024;3267467
NH;New Hampshire;1990;1112384
NH;New Hampshire;1991;1109929
NH;New Hampshire;1992;1117785
NH;New Hampshire;1993;1129458
NH;New Hampshire;1994;1142561
NH;New Hampshire;1995;1157561
NH;New Hampshire;1996;1174719
NH;New Hampshire;1997;1189425
NH;New Hampshire;1998;1205941
NH;New Hampshire;1999;1222015
NH;New Hampshire;2000;1239882
NH;New Hampshire;2001;1255517
NH;New Hampshire;2002;1269089
NH;New Hampshire;2003;1279840
NH;New Hampshire;2004;1290121
NH;New Hampshire;2005;1298492
NH;New Hampshire;2006;1308389
NH;New Hampshire;2007;1312540
NH;New Hampshire;2008;1315906
NH;New Hampshire;2009;1316102
NH;New Hampshire;2010;1316807
NH;New Hampshire;2011;1320444
NH;New Hampshire;2012;1324677
NH;New Hampshire;2013;1327272
NH;New Hampshire;2014;1334257
NH;New Hampshire;2015;1337480
NH;New Hampshire;2016;1343694
NH;New Hampshire;2017;1350395
NH;New Hampshire;2018;1355064
NH;New Hampshire;2019;1360783
NH;New Hampshire;2020;1378756
NH;New Hampshire;2021;1387677
NH;New Hampshire;2022;1396678
NH;New Hampshire;2023;1402199
NH;New Hampshire;2024;1409032
NJ;New Jersey;1990;7762963
NJ;New Jersey;1991;7814676
NJ;New Jersey;1992;7880508
NJ;New Jersey;1993;7948915
NJ;New Jersey;1994;8014306
NJ;New Jersey;1995;8083242
NJ;New Jersey;1996;8149596
NJ;New Jersey;1997;8218808
NJ;New Jersey;1998;8287418
NJ;New Jersey;1999;8359592
NJ;New Jersey;2000;8430621
NJ;New Jersey;2001;8492671
NJ;New Jersey;2002;8552643
NJ;New Jersey;2003;8601402
NJ;New Jersey;2004;8634561
NJ;New Jersey;2005;8651974
NJ;New Jersey;2006;8661679
NJ;New Jersey;2007;8677885
NJ;New Jersey;2008;8711090
NJ;New Jersey;2009;8755602
NJ;New Jersey;2010;8799451
NJ;New Jersey;2011;8828552
NJ;New Jersey;2012;8845671
NJ;New Jersey;2013;8857821
NJ;New Jersey;2014;8867277
NJ;New Jersey;2015;8870312
NJ;New Jersey;2016;8873584
NJ;New Jersey;2017;8888147
NJ;New Jersey;2018;8891730
NJ;New Jersey;2019;8891258
NJ;New Jersey;2020;9272794
NJ;New Jersey;2021;9270541
NJ;New Jersey;2022;9295227
NJ;New Jersey;2023;9379642
NJ;New Jersey;2024;9500851
NM;New Mexico;1990;1521574
NM;New Mexico;1991;1555305
NM;New Mexico;1992;1595442
NM;New Mexico;1993;1636453
NM;New Mexico;1994;1682398
NM;New Mexico;1995;1720394
NM;New Mexico;1996;1752326
NM;New Mexico;1997;1774839
NM;New Mexico;1998;1793484
NM;New Mexico;1999;1808082
NM;New Mexico;2000;1821204
NM;New Mexico;2001;1831690
NM;New Mexico;2002;1855309
NM;New Mexico;2003;1877574
NM;New Mexico;2004;1903808
NM;New Mexico;2005;1932274
NM;New Mexico;2006;1962137
NM;New Mexico;2007;1990070
NM;New Mexico;2008;2010662
NM;New Mexico;2009;2036802
NM;New Mexico;2010;2064614
NM;New Mexico;2011;2080707
NM;New Mexico;2012;2087715
NM;New Mexico;2013;2092833
NM;New Mexico;2014;2090236
NM;New Mexico;2015;2090071
NM;New Mexico;2016;2092555
NM;New Mexico;2017;2092844
NM;New Mexico;2018;2093754
NM;New Mexico;2019;2099634
NM;New Mexico;2020;2118606
NM;New Mexico;2021;2117333
NM;New Mexico;2022;2113868
NM;New Mexico;2023;2121164
NM;New Mexico;2024;2130256
NY;New York;1990;18020784
NY;New York;1991;18122510
NY;New York;1992;18246653
NY;New York;1993;18374954
NY;New York;1994;18459470
NY;New York;1995;18524104
NY;New York;1996;18588460
NY;New York;1997;18656546
NY;New York;1998;18755906
NY;New York;1999;18882725
NY;New York;2000;19001780
NY;New York;2001;19082838
NY;New York;2002;19137800
NY;New York;2003;19175939
NY;New York;2004;19171567
NY;New York;2005;19132610
NY;New York;2006;19104631
NY;New York;2007;19132335
NY;New York;2008;19212436
NY;New York;2009;19307066
NY;New York;2010;19399956
NY;New York;2011;19499921
NY;New York;2012;19574362
NY;New York;2013;19626488
NY;New York;2014;19653431
NY;New York;2015;19657321
NY;New York;2016;19636391
NY;New York;2017;19593849
NY;New York;2018;19544098
NY;New York;2019;19463131
NY;New York;2020;20105171
NY;New York;2021;19848276
NY;New York;2022;19703747
NY;New York;2023;19737367
NY;New York;2024;19867248
NC;North Carolina;1990;6664016
NC;North Carolina;1991;6784280
NC;North Carolina;1992;6897214
NC;North Carolina;1993;7042818
NC;North Carolina;1994;7187398
NC;North Carolina;1995;7344674
NC;North Carolina;1996;7500670
NC;North Carolina;1997;7656825
NC;North Carolina;1998;7809122
NC;North Carolina;1999;7949362
NC;North Carolina;2000;8081614
NC;North Carolina;2001;8210122
NC;North Carolina;2002;8326201
NC;North Carolina;2003;8422501
NC;North Carolina;2004;8553152
NC;North Carolina;2005;8705407
NC;North Carolina;2006;8917270
NC;North Carolina;2007;9118037
NC;North Carolina;2008;9309449
NC;North Carolina;2009;9449566
NC;North Carolina;2010;9574586
NC;North Carolina;2011;9658913
NC;North Carolina;2012;9751810
NC;North Carolina;2013;9846717
NC;North Carolina;2014;9937295
NC;North Carolina;2015;10037218
NC;North Carolina;2016;10161802
NC;North Carolina;2017;10275758
NC;North Carolina;2018;10391358
NC;North Carolina;2019;10501384
NC;North Carolina;2020;10449652
NC;North Carolina;2021;10564320
NC;North Carolina;2022;10710793
NC;North Carolina;2023;10881189
NC;North Carolina;2024;11046024
ND;North Dakota;1990;637685
ND;North Dakota;1991;635753
ND;North Dakota;1992;638223
ND;North Dakota;1993;641216
ND;North Dakota;1994;644806
ND;North Dakota;1995;647832
ND;North Dakota;1996;650382
ND;North Dakota;1997;649716
ND;North Dakota;1998;647532
ND;North Dakota;1999;644259
ND;North Dakota;2000;642023
ND;North Dakota;2001;639062
ND;North Dakota;2002;638168
ND;North Dakota;2003;638817
ND;North Dakota;2004;644705
ND;North Dakota;2005;646089
ND;North Dakota;2006;649422
ND;North Dakota;2007;652822
ND;North Dakota;2008;657569
ND;North Dakota;2009;664968
ND;North Dakota;2010;674752
ND;North Dakota;2011;685526
ND;North Dakota;2012;702227
ND;North Dakota;2013;723149
ND;North Dakota;2014;738736
ND;North Dakota;2015;755537
ND;North Dakota;2016;756114
ND;North Dakota;2017;756755
ND;North Dakota;2018;760062
ND;North Dakota;2019;763724
ND;North Dakota;2020;779563
ND;North Dakota;2021;777966
ND;North Dakota;2022;781057
ND;North Dakota;2023;789047
ND;North Dakota;2024;796568
OH;Ohio;1990;10864162
OH;Ohio;1991;10945762
OH;Ohio;1992;11029431
OH;Ohio;1993;11101140
OH;Ohio;1994;11152455
OH;Ohio;1995;11202751
OH;Ohio;1996;11242827
OH;Ohio;1997;11277357
OH;Ohio;1998;11311536
OH;Ohio;1999;11335454
OH;Ohio;2000;11363543
OH;Ohio;2001;11387404
OH;Ohio;2002;11407889
OH;Ohio;2003;11434788
OH;Ohio;2004;11452251
OH;Ohio;2005;11463320
OH;Ohio;2006;11481213
OH;Ohio;2007;11500468
OH;Ohio;2008;11515391
OH;Ohio;2009;11528896
OH;Ohio;2010;11539449
OH;Ohio;2011;11545735
OH;Ohio;2012;11550971
OH;Ohio;2013;11579692
OH;Ohio;2014;11606573
OH;Ohio;2015;11622315
OH;Ohio;2016;11640060
OH;Ohio;2017;11665706
OH;Ohio;2018;11680892
OH;Ohio;2019;11696507
OH;Ohio;2020;11798905
OH;Ohio;2021;11767344
OH;Ohio;2022;11777874
OH;Ohio;2023;11824034
OH;Ohio;2024;11883304
OK;Oklahoma;1990;3148825
OK;Oklahoma;1991;3175440
OK;Oklahoma;1992;3220517
OK;Oklahoma;1993;3252285
OK;Oklahoma;1994;3280940
OK;Oklahoma;1995;3308208
OK;Oklahoma;1996;3340129
OK;Oklahoma;1997;3372918
OK;Oklahoma;1998;3405194
OK;Oklahoma;1999;3437148
OK;Oklahoma;2000;3454365
OK;Oklahoma;2001;3467100
OK;Oklahoma;2002;3489080
OK;Oklahoma;2003;3504892
OK;Oklahoma;2004;3525233
OK;Oklahoma;2005;3548597
OK;Oklahoma;2006;3594090
OK;Oklahoma;2007;3634349
OK;Oklahoma;2008;3668976
OK;Oklahoma;2009;3717572
OK;Oklahoma;2010;3760014
OK;Oklahoma;2011;3788824
OK;Oklahoma;2012;3819320
OK;Oklahoma;2013;3853891
OK;Oklahoma;2014;3879187
OK;Oklahoma;2015;3910518
OK;Oklahoma;2016;3928143
OK;Oklahoma;2017;3933602
OK;Oklahoma;2018;3943488
OK;Oklahoma;2019;3960676
OK;Oklahoma;2020;3965415
OK;Oklahoma;2021;3992238
OK;Oklahoma;2022;4026229
OK;Oklahoma;2023;4063882
OK;Oklahoma;2024;4095393
OR;Oregon;1990;2860375
OR;Oregon;1991;2928507
OR;Oregon;1992;2991755
OR;Oregon;1993;3060367
OR;Oregon;1994;3121264
OR;Oregon;1995;3184369
OR;Oregon;1996;3247111
OR;Oregon;1997;3304310
OR;Oregon;1998;3352449
OR;Oregon;1999;3393941
OR;Oregon;2000;3429708
OR;Oregon;2001;3467937
OR;Oregon;2002;3513424
OR;Oregon;2003;3547376
OR;Oregon;2004;3569463
OR;Oregon;2005;3613202
OR;Oregon;2006;3670883
OR;Oregon;2007;3722417
OR;Oregon;2008;3768748
OR;Oregon;2009;3808600
OR;Oregon;2010;3837614
OR;Oregon;2011;3872672
OR;Oregon;2012;3900102
OR;Oregon;2013;3924110
OR;Oregon;2014;3965447
OR;Oregon;2015;4018542
OR;Oregon;2016;4093271
OR;Oregon;2017;4147294
OR;Oregon;2018;4183538
OR;Oregon;2019;4216116
OR;Oregon;2020;4243779
OR;Oregon;2021;4254280
OR;Oregon;2022;4247372
OR;Oregon;2023;4253653
OR;Oregon;2024;4272371
PA;Pennsylvania;1990;11903299
PA;Pennsylvania;1991;11982164
PA;Pennsylvania;1992;12049450
PA;Pennsylvania;1993;12119724
PA;Pennsylvania;1994;12166050
PA;Pennsylvania;1995;12198403
PA;Pennsylvania;1996;12220464
PA;Pennsylvania;1997;12227814
PA;Pennsylvania;1998;12245672
PA;Pennsylvania;1999;12263805
PA;Pennsylvania;2000;12284173
PA;Pennsylvania;2001;12298970
PA;Pennsylvania;2002;12331031
PA;Pennsylvania;2003;12374658
PA;Pennsylvania;2004;12410722
PA;Pennsylvania;2005;12449990
PA;Pennsylvania;2006;12510809
PA;Pennsylvania;2007;12563937
PA;Pennsylvania;2008;12612285
PA;Pennsylvania;2009;12666858
PA;Pennsylvania;2010;12711406
PA;Pennsylvania;2011;12747052
PA;Pennsylvania;2012;12769123
PA;Pennsylvania;2013;12779538
PA;Pennsylvania;2014;12792392
PA;Pennsylvania;2015;12789838
PA;Pennsylvania;2016;12788468
PA;Pennsylvania;2017;12794679
PA;Pennsylvania;2018;12809107
PA;Pennsylvania;2019;12798883
PA;Pennsylvania;2020;12996143
PA;Pennsylvania;2021;13015571
PA;Pennsylvania;2022;12984990
PA;Pennsylvania;2023;13017721
PA;Pennsylvania;2024;13078751
RI;Rhode Island;1990;1005995
RI;Rhode Island;1991;1010649
RI;Rhode Island;1992;1012581
RI;Rhode Island;1993;1015113
RI;Rhode Island;1994;1015960
RI;Rhode Island;1995;1017002
RI;Rhode Island;1996;1020893
RI;Rhode Island;1997;1025353
RI;Rhode Island;1998;1031155
RI;Rhode Island;1999;1040402
RI;Rhode Island;2000;1050268
RI;Rhode Island;2001;1057142
RI;Rhode Island;2002;1065995
RI;Rhode Island;2003;1071342
RI;Rhode Island;2004;1074579
RI;Rhode Island;2005;1067916
RI;Rhode Island;2006;1063096
RI;Rhode Island;2007;1057315
RI;Rhode Island;2008;1055003
RI;Rhode Island;2009;1053646
RI;Rhode Island;2010;1053994
RI;Rhode Island;2011;1053829
RI;Rhode Island;2012;1054893
RI;Rhode Island;2013;1055560
RI;Rhode Island;2014;1056511
RI;Rhode Island;2015;1056886
RI;Rhode Island;2016;1057816
RI;Rhode Island;2017;1056554
RI;Rhode Island;2018;1059338
RI;Rhode Island;2019;1058158
RI;Rhode Island;2020;1096530
RI;Rhode Island;2021;1097246
RI;Rhode Island;2022;1099498
RI;Rhode Island;2023;1103429
RI;Rhode Island;2024;1112308
SC;South Carolina;1990;3501155
SC;South Carolina;1991;3570404
SC;South Carolina;1992;3620464
SC;South Carolina;1993;3663314
SC;South Carolina;1994;3705397
SC;South Carolina;1995;3748582
SC;South Carolina;1996;3796200
SC;South Carolina;1997;3859696
SC;South Carolina;1998;3919235
SC;South Carolina;1999;3974682
SC;South Carolina;2000;4024223
SC;South Carolina;2001;4064995
SC;South Carolina;2002;4107795
SC;South Carolina;2003;4150297
SC;South Carolina;2004;4210921
SC;South Carolina;2005;4270150
SC;South Carolina;2006;4357847
SC;South Carolina;2007;4444110
SC;South Carolina;2008;4528996
SC;South Carolina;2009;4589872
SC;South Carolina;2010;4635846
SC;South Carolina;2011;4672655
SC;South Carolina;2012;4719027
SC;South Carolina;2013;4766469
SC;South Carolina;2014;4826858
SC;South Carolina;2015;4896006
SC;South Carolina;2016;4963031
SC;South Carolina;2017;5027102
SC;South Carolina;2018;5091702
SC;South Carolina;2019;5157702
SC;South Carolina;2020;5132249
SC;South Carolina;2021;5194274
SC;South Carolina;2022;5287935
SC;South Carolina;2023;5387830
SC;South Carolina;2024;5478831
SD;South Dakota;1990;697101
SD;South Dakota;1991;703669
SD;South Dakota;1992;712801
SD;South Dakota;1993;722160
SD;South Dakota;1994;730790
SD;South Dakota;1995;737926
SD;South Dakota;1996;742214
SD;South Dakota;1997;744223
SD;South Dakota;1998;746059
SD;South Dakota;1999;750413
SD;South Dakota;2000;755844
SD;South Dakota;2001;757972
SD;South Dakota;2002;760020
SD;South Dakota;2003;763729
SD;South Dakota;2004;770396
SD;South Dakota;2005;775493
SD;South Dakota;2006;783033
SD;South Dakota;2007;791623
SD;South Dakota;2008;799124
SD;South Dakota;2009;807067
SD;South Dakota;2010;816193
SD;South Dakota;2011;823740
SD;South Dakota;2012;833859
SD;South Dakota;2013;842751
SD;South Dakota;2014;849670
SD;South Dakota;2015;854663
SD;South Dakota;2016;863693
SD;South Dakota;2017;873732
SD;South Dakota;2018;879386
SD;South Dakota;2019;887127
SD;South Dakota;2020;887948
SD;South Dakota;2021;896492
SD;South Dakota;2022;909723
SD;South Dakota;2023;918305
SD;South Dakota;2024;924669
TN;Tennessee;1990;4894492
TN;Tennessee;1991;4966587
TN;Tennessee;1992;5049742
TN;Tennessee;1993;5137584
TN;Tennessee;1994;5231438
TN;Tennessee;1995;5326936
TN;Tennessee;1996;5416643
TN;Tennessee;1997;5499233
TN;Tennessee;1998;5570045
TN;Tennessee;1999;5638706
TN;Tennessee;2000;5703719
TN;Tennessee;2001;5750789
TN;Tennessee;2002;5795918
TN;Tennessee;2003;5847812
TN;Tennessee;2004;5910809
TN;Tennessee;2005;5991057
TN;Tennessee;2006;6088766
TN;Tennessee;2007;6175727
TN;Tennessee;2008;6247411
TN;Tennessee;2009;6306019
TN;Tennessee;2010;6355518
TN;Tennessee;2011;6400298
TN;Tennessee;2012;6455752
TN;Tennessee;2013;6496943
TN;Tennessee;2014;6544617
TN;Tennessee;2015;6595354
TN;Tennessee;2016;6651277
TN;Tennessee;2017;6714748
TN;Tennessee;2018;6778180
TN;Tennessee;2019;6830325
TN;Tennessee;2020;6927904
TN;Tennessee;2021;6965740
TN;Tennessee;2022;7062217
TN;Tennessee;2023;7148304
TN;Tennessee;2024;7227750
TX;Texas;1990;17056755
TX;Texas;1991;17398005
TX;Texas;1992;17759738
TX;Texas;1993;18161612
TX;Texas;1994;18564062
TX;Texas;1995;18958751
TX;Texas;1996;19340342
TX;Texas;1997;19740317
TX;Texas;1998;20157531
TX;Texas;1999;20558220
TX;Texas;2000;20944499
TX;Texas;2001;21319622
TX;Texas;2002;21690325
TX;Texas;2003;22030931
TX;Texas;2004;22394023
TX;Texas;2005;22778123
TX;Texas;2006;23359580
TX;Texas;2007;23831983
TX;Texas;2008;24309039
TX;Texas;2009;24801761
TX;Texas;2010;25241897
TX;Texas;2011;25645504
TX;Texas;2012;26084120
TX;Texas;2013;26479646
TX;Texas;2014;26963092
TX;Texas;2015;27468531
TX;Texas;2016;27914064
TX;Texas;2017;28291024
TX;Texas;2018;28624564
TX;Texas;2019;28986794
TX;Texas;2020;29239570
TX;Texas;2021;29570351
TX;Texas;2022;30113488
TX;Texas;2023;30727890
TX;Texas;2024;31290831
UT;Utah;1990;1731223
UT;Utah;1991;1779780
UT;Utah;1992;1836799
UT;Utah;1993;1898404
UT;Utah;1994;1960446
UT;Utah;1995;2014179
UT;Utah;1996;2067976
UT;Utah;1997;2119784
UT;Utah;1998;2165961
UT;Utah;1999;2203482
UT;Utah;2000;2244502
UT;Utah;2001;2283715
UT;Utah;2002;2324815
UT;Utah;2003;2360137
UT;Utah;2004;2401580
UT;Utah;2005;2457719
UT;Utah;2006;2525507
UT;Utah;2007;2597746
UT;Utah;2008;2663029
UT;Utah;2009;2723421
UT;Utah;2010;2775413
UT;Utah;2011;2814797
UT;Utah;2012;2854146
UT;Utah;2013;2898773
UT;Utah;2014;2938327
UT;Utah;2015;2983626
UT;Utah;2016;3044241
UT;Utah;2017;3103540
UT;Utah;2018;3155153
UT;Utah;2019;3203383
UT;Utah;2020;3284077
UT;Utah;2021;3339738
UT;Utah;2022;3391011
UT;Utah;2023;3443222
UT;Utah;2024;3503613
VT;Vermont;1990;564798
VT;Vermont;1991;568606
VT;Vermont;1992;572751
VT;Vermont;1993;577748
VT;Vermont;1994;583836
VT;Vermont;1995;589003
VT;Vermont;1996;593701
VT;Vermont;1997;597239
VT;Vermont;1998;600416
VT;Vermont;1999;604683
VT;Vermont;2000;609618
VT;Vermont;2001;612223
VT;Vermont;2002;615442
VT;Vermont;2003;617858
VT;Vermont;2004;619920
VT;Vermont;2005;621215
VT;Vermont;2006;622892
VT;Vermont;2007;623481
VT;Vermont;2008;624151
VT;Vermont;2009;624817
VT;Vermont;2010;625886
VT;Vermont;2011;627197
VT;Vermont;2012;626361
VT;Vermont;2013;626603
VT;Vermont;2014;625693
VT;Vermont;2015;625810
VT;Vermont;2016;624366
VT;Vermont;2017;625132
VT;Vermont;2018;624802
VT;Vermont;2019;624046
VT;Vermont;2020;642977
VT;Vermont;2021;647210
VT;Vermont;2022;648142
VT;Vermont;2023;648708
VT;Vermont;2024;648493
VA;Virginia;1990;6216884
VA;Virginia;1991;6301217
VA;Virginia;1992;6414307
VA;Virginia;1993;6509630
VA;Virginia;1994;6593139
VA;Virginia;1995;6670693
VA;Virginia;1996;6750884
VA;Virginia;1997;6829183
VA;Virginia;1998;6900918
VA;Virginia;1999;7000174
VA;Virginia;2000;7105817
VA;Virginia;2001;7198362
VA;Virginia;2002;7286873
VA;Virginia;2003;7366977
VA;Virginia;2004;7475575
VA;Virginia;2005;7577105
VA;Virginia;2006;7673725
VA;Virginia;2007;7751000
VA;Virginia;2008;7833496
VA;Virginia;2009;7925937
VA;Virginia;2010;8024004
VA;Virginia;2011;8102437
VA;Virginia;2012;8187456
VA;Virginia;2013;8255861
VA;Virginia;2014;8315430
VA;Virginia;2015;8367303
VA;Virginia;2016;8417651
VA;Virginia;2017;8471011
VA;Virginia;2018;8510920
VA;Virginia;2019;8556642
VA;Virginia;2020;8637615
VA;Virginia;2021;8658910
VA;Virginia;2022;8683414
VA;Virginia;2023;8734685
VA;Virginia;2024;8811195
WA;Washington;1990;4903043
WA;Washington;1991;5025624
WA;Washington;1992;5160757
WA;Washington;1993;5278842
WA;Washington;1994;5375161
WA;Washington;1995;5481027
WA;Washington;1996;5569753
WA;Washington;1997;5674747
WA;Washington;1998;5769562
WA;Washington;1999;5842564
WA;Washington;2000;5910512
WA;Washington;2001;5985722
WA;Washington;2002;6052349
WA;Washington;2003;6104115
WA;Washington;2004;6178645
WA;Washington;2005;6257305
WA;Washington;2006;6370753
WA;Washington;2007;6461587
WA;Washington;2008;6562231
WA;Washington;2009;6667426
WA;Washington;2010;6743009
WA;Washington;2011;6827479
WA;Washington;2012;6898599
WA;Washington;2013;6966252
WA;Washington;2014;7057531
WA;Washington;2015;7167287
WA;Washington;2016;7299961
WA;Washington;2017;7427951
WA;Washington;2018;7526793
WA;Washington;2019;7614024
WA;Washington;2020;7727209
WA;Washington;2021;7743760
WA;Washington;2022;7794123
WA;Washington;2023;7857320
WA;Washington;2024;7958180
WV;West Virginia;1990;1792548
WV;West Virginia;1991;1798735
WV;West Virginia;1992;1806451
WV;West Virginia;1993;1817539
WV;West Virginia;1994;1820421
WV;West Virginia;1995;1823700
WV;West Virginia;1996;1822808
WV;West Virginia;1997;1819113
WV;West Virginia;1998;1815609
WV;West Virginia;1999;1811799
WV;West Virginia;2000;1807021
WV;West Virginia;2001;1801481
WV;West Virginia;2002;1805414
WV;West Virginia;2003;1812295
WV;West Virginia;2004;1816438
WV;West Virginia;2005;1820492
WV;West Virginia;2006;1827912
WV;West Virginia;2007;1834052
WV;West Virginia;2008;1840310
WV;West Virginia;2009;1847775
WV;West Virginia;2010;1854265
WV;West Virginia;2011;1856606
WV;West Virginia;2012;1857446
WV;West Virginia;2013;1854768
WV;West Virginia;2014;1850569
WV;West Virginia;2015;1843332
WV;West Virginia;2016;1832435
WV;West Virginia;2017;1818683
WV;West Virginia;2018;1805953
WV;West Virginia;2019;1795263
WV;West Virginia;2020;1791646
WV;West Virginia;2021;1785618
WV;West Virginia;2022;1774122
WV;West Virginia;2023;1770495
WV;West Virginia;2024;1769979
WI;Wisconsin;1990;4904562
WI;Wisconsin;1991;4964343
WI;Wisconsin;1992;5025398
WI;Wisconsin;1993;5084889
WI;Wisconsin;1994;5133678
WI;Wisconsin;1995;5184836
WI;Wisconsin;1996;5229986
WI;Wisconsin;1997;5266213
WI;Wisconsin;1998;5297673
WI;Wisconsin;1999;5332666
WI;Wisconsin;2000;5373999
WI;Wisconsin;2001;5406835
WI;Wisconsin;2002;5445162
WI;Wisconsin;2003;5479203
WI;Wisconsin;2004;5514026
WI;Wisconsin;2005;5546166
WI;Wisconsin;2006;5577655
WI;Wisconsin;2007;5610775
WI;Wisconsin;2008;5640996
WI;Wisconsin;2009;5669264
WI;Wisconsin;2010;5690538
WI;Wisconsin;2011;5705840
WI;Wisconsin;2012;5720825
WI;Wisconsin;2013;5738012
WI;Wisconsin;2014;5753199
WI;Wisconsin;2015;5762927
WI;Wisconsin;2016;5775170
WI;Wisconsin;2017;5793147
WI;Wisconsin;2018;5809319
WI;Wisconsin;2019;5824581
WI;Wisconsin;2020;5897375
WI;Wisconsin;2021;5881608
WI;Wisconsin;2022;5903975
WI;Wisconsin;2023;5930405
WI;Wisconsin;2024;5960975
WY;Wyoming;1990;453690
WY;Wyoming;1991;459260
WY;Wyoming;1992;466251
WY;Wyoming;1993;473081
WY;Wyoming;1994;480283
WY;Wyoming;1995;485160
WY;Wyoming;1996;488167
WY;Wyoming;1997;489452
WY;Wyoming;1998;490787
WY;Wyoming;1999;491780
WY;Wyoming;2000;494300
WY;Wyoming;2001;494657
WY;Wyoming;2002;500017
WY;Wyoming;2003;503453
WY;Wyoming;2004;509106
WY;Wyoming;2005;514157
WY;Wyoming;2006;522667
WY;Wyoming;2007;534876
WY;Wyoming;2008;546043
WY;Wyoming;2009;559851
WY;Wyoming;2010;564531
WY;Wyoming;2011;567491
WY;Wyoming;2012;576656
WY;Wyoming;2013;582620
WY;Wyoming;2014;583159
WY;Wyoming;2015;586389
WY;Wyoming;2016;585243
WY;Wyoming;2017;579994
WY;Wyoming;2018;579054
WY;Wyoming;2019;580116
WY;Wyoming;2020;577681
WY;Wyoming;2021;579636
WY;Wyoming;2022;581978
WY;Wyoming;2023;585067
WY;Wyoming;2024;587618
PR;Puerto Rico;2010;3721525
PR;Puerto Rico;2011;3678732
PR;Puerto Rico;2012;3634488
PR;Puerto Rico;2013;3593077
PR;Puerto Rico;2014;3534874
PR;Puerto Rico;2015;3473232
PR;Puerto Rico;2016;3406672
PR;Puerto Rico;2017;3325284
PR;Puerto Rico;2018;3193344
PR;Puerto Rico;2019;3193553
